"idChamber","date","Air humidity","Air temperature","Light","VPD"
"C2","2018-03-21 00:00:00",61.49,21.77,0,1.003
"C2","2018-03-21 00:10:00",61.72,21.83,0,1.001
"C2","2018-03-21 00:20:00",60.75,21.65,0,1.015
"C2","2018-03-21 00:30:00",61.22,21.74,0,1.009
"C2","2018-03-21 00:40:00",61.76,21.81,0,0.999
"C2","2018-03-21 00:50:00",61.54,21.86,0,1.008
"C2","2018-03-21 01:00:00",61.18,21.7,0,1.007
"C2","2018-03-21 01:10:00",60.91,21.68,0,1.013
"C2","2018-03-21 01:20:00",61.38,21.83,0,1.01
"C2","2018-03-21 01:30:00",61.7,21.75,0,0.997
"C2","2018-03-21 01:40:00",61.15,21.62,0,1.003
"C2","2018-03-21 01:50:00",61.02,21.81,0,1.018
"C2","2018-03-21 02:00:00",61.16,21.75,0,1.011
"C2","2018-03-21 02:10:00",61,21.67,0,1.01
"C2","2018-03-21 02:20:00",61.22,21.72,0,1.008
"C2","2018-03-21 02:30:00",61.37,21.79,0,1.008
"C2","2018-03-21 02:40:00",61.27,21.73,0,1.007
"C2","2018-03-21 02:50:00",61.1,21.59,0,1.002
"C2","2018-03-21 03:00:00",62.03,21.84,0,0.994
"C2","2018-03-21 03:10:00",61.44,21.72,0,1.002
"C2","2018-03-21 03:20:00",60.95,21.69,0,1.013
"C2","2018-03-21 03:30:00",60.9,21.67,0,1.013
"C2","2018-03-21 03:40:00",61.48,21.83,0,1.008
"C2","2018-03-21 03:50:00",61.01,21.77,0,1.016
"C2","2018-03-21 04:00:00",61.02,21.69,0,1.011
"C2","2018-03-21 04:10:00",61.37,21.69,0,1.002
"C2","2018-03-21 04:20:00",61.52,21.81,0,1.005
"C2","2018-03-21 04:30:00",61.26,21.73,0,1.007
"C2","2018-03-21 04:40:00",61.33,21.73,0,1.005
"C2","2018-03-21 04:50:00",61.33,21.67,0,1.001
"C2","2018-03-21 05:00:00",61.35,21.79,0,1.008
"C2","2018-03-21 05:10:00",61.5,21.76,0,1.003
"C2","2018-03-21 05:20:00",60.83,21.58,0,1.009
"C2","2018-03-21 05:30:00",61.17,21.76,0,1.011
"C2","2018-03-21 05:40:00",61.37,21.81,0,1.009
"C2","2018-03-21 05:50:00",61.2,21.67,0,1.005
"C2","2018-03-21 06:00:00",61.24,21.65,0,1.002
"C2","2018-03-21 06:10:00",61.75,21.82,0,1
"C2","2018-03-21 06:20:00",61.64,21.76,0,0.999
"C2","2018-03-21 06:30:00",61.65,21.67,0,0.993
"C2","2018-03-21 06:40:00",61.23,21.71,0,1.007
"C2","2018-03-21 06:50:00",62.02,21.87,0,0.996
"C2","2018-03-21 07:00:00",61.01,21.59,0,1.005
"C2","2018-03-21 07:10:00",62.25,21.82,0,0.987
"C2","2018-03-21 07:20:00",61.24,21.77,0,1.01
"C2","2018-03-21 07:30:00",61.33,21.62,0,0.999
"C2","2018-03-21 07:40:00",61.48,21.73,0,1.002
"C2","2018-03-21 07:50:00",61.05,21.79,0,1.016
"C2","2018-03-21 08:00:00",60.94,21.69,0,1.013
"C2","2018-03-21 08:10:00",62.62,22.23,150.3,1.002
"C2","2018-03-21 08:20:00",62.4,22.08,163.1,0.998
"C2","2018-03-21 08:30:00",63.3,21.69,150.7,0.952
"C2","2018-03-21 08:40:00",62.55,22.12,157.5,0.997
"C2","2018-03-21 08:50:00",62.84,22.07,163.7,0.986
"C2","2018-03-21 09:00:00",63.14,22,164.5,0.974
"C2","2018-03-21 09:10:00",62.42,22,164.9,0.993
"C2","2018-03-21 09:20:00",62.71,21.99,161.6,0.985
"C2","2018-03-21 09:30:00",62.71,22.08,146,0.99
"C2","2018-03-21 09:40:00",63.14,22.03,162.7,0.976
"C2","2018-03-21 09:50:00",62.79,22.07,167,0.987
"C2","2018-03-21 10:00:00",62.69,22.11,163.5,0.992
"C2","2018-03-21 10:10:00",62.82,21.69,158,0.965
"C2","2018-03-21 10:20:00",62.22,22.12,163.8,1.006
"C2","2018-03-21 10:30:00",62.5,21.91,157.2,0.986
"C2","2018-03-21 10:40:00",63.95,22.07,163.5,0.957
"C2","2018-03-21 10:50:00",62.66,22.13,163.1,0.995
"C2","2018-03-21 11:00:00",63.85,21.97,162.3,0.954
"C2","2018-03-21 11:10:00",62.94,22.02,161,0.98
"C2","2018-03-21 11:20:00",62.98,22,162.3,0.978
"C2","2018-03-21 11:30:00",62.86,21.85,164.2,0.973
"C2","2018-03-21 11:40:00",61.65,22.22,156,1.027
"C2","2018-03-21 11:50:00",62.41,21.98,127.9,0.992
"C2","2018-03-21 12:00:00",62.03,22.09,155.4,1.009
"C2","2018-03-21 12:10:00",61.72,22.02,131.6,1.013
"C2","2018-03-21 12:20:00",62.48,22.02,146.7,0.992
"C2","2018-03-21 12:30:00",61.99,22.04,166,1.007
"C2","2018-03-21 12:40:00",61.35,22.04,140.3,1.024
"C2","2018-03-21 12:50:00",61.98,21.99,138.3,1.004
"C2","2018-03-21 13:00:00",62.26,22.02,168,0.999
"C2","2018-03-21 13:10:00",62.3,22.03,134.7,0.998
"C2","2018-03-21 13:20:00",62.18,22,139.6,1
"C2","2018-03-21 13:30:00",62.4,22.11,170.7,1.001
"C2","2018-03-21 13:40:00",62.47,21.93,138.5,0.988
"C2","2018-03-21 13:50:00",62.84,22.24,145.8,0.996
"C2","2018-03-21 14:00:00",62.91,22.19,169.3,0.992
"C2","2018-03-21 14:10:00",62.95,21.97,143,0.977
"C2","2018-03-21 14:20:00",61.95,22.06,131.4,1.009
"C2","2018-03-21 14:30:00",63.01,22.08,164,0.982
"C2","2018-03-21 14:40:00",62.15,21.9,142.7,0.994
"C2","2018-03-21 14:50:00",63.11,22.12,142.2,0.982
"C2","2018-03-21 15:00:00",62.64,22.08,171.9,0.992
"C2","2018-03-21 15:10:00",62.16,21.95,144.4,0.997
"C2","2018-03-21 15:20:00",62.08,22.04,130.5,1.005
"C2","2018-03-21 15:30:00",64.29,22.04,160.8,0.946
"C2","2018-03-21 15:40:00",62.05,22.05,143,1.006
"C2","2018-03-21 15:50:00",63.91,21.99,140.2,0.954
"C2","2018-03-21 16:00:00",62.29,22.03,171.4,0.999
"C2","2018-03-21 16:10:00",62.11,22.06,140.9,1.005
"C2","2018-03-21 16:20:00",62.47,21.99,156,0.991
"C2","2018-03-21 16:30:00",63.17,22.15,172.4,0.982
"C2","2018-03-21 16:40:00",63.52,22.31,140.5,0.982
"C2","2018-03-21 16:50:00",62.88,22.07,145.4,0.986
"C2","2018-03-21 17:00:00",63.68,22.07,167.3,0.965
"C2","2018-03-21 17:10:00",61.78,21.99,137,1.009
"C2","2018-03-21 17:20:00",62.64,22.01,146.4,0.988
"C2","2018-03-21 17:30:00",62.85,22.13,166.6,0.989
"C2","2018-03-21 17:40:00",62.18,21.92,133.8,0.994
"C2","2018-03-21 17:50:00",63.19,21.97,146.7,0.971
"C2","2018-03-21 18:00:00",62.47,22.12,159.1,0.999
"C2","2018-03-21 18:10:00",62.25,21.89,131.5,0.992
"C2","2018-03-21 18:20:00",62.64,21.97,132.8,0.985
"C2","2018-03-21 18:30:00",62.97,22.07,166.3,0.983
"C2","2018-03-21 18:40:00",62.31,21.94,133.1,0.992
"C2","2018-03-21 18:50:00",62.11,22.12,149.7,1.009
"C2","2018-03-21 19:00:00",62.48,22.17,166.8,1.002
"C2","2018-03-21 19:10:00",62.96,22.13,139.8,0.987
"C2","2018-03-21 19:20:00",62.03,21.85,148.7,0.995
"C2","2018-03-21 19:30:00",63.02,22.07,172.3,0.981
"C2","2018-03-21 19:40:00",62.98,22.14,136.3,0.987
"C2","2018-03-21 19:50:00",63.16,22.35,155.5,0.995
"C2","2018-03-21 20:00:00",62.41,22.04,169,0.996
"C2","2018-03-21 20:10:00",61.25,21.43,0,0.989
"C2","2018-03-21 20:20:00",61.58,21.77,0,1.001
"C2","2018-03-21 20:30:00",61.32,21.77,0,1.008
"C2","2018-03-21 20:40:00",62.3,21.74,0,0.98
"C2","2018-03-21 20:50:00",62.04,21.65,0,0.982
"C2","2018-03-21 21:00:00",62.28,21.81,0,0.986
"C2","2018-03-21 21:10:00",62.2,21.72,0,0.982
"C2","2018-03-21 21:20:00",61.88,21.64,0,0.985
"C2","2018-03-21 21:30:00",61.65,21.82,0,1.003
"C2","2018-03-21 21:40:00",61.84,21.74,0,0.993
"C2","2018-03-21 21:50:00",61.28,21.62,0,1
"C2","2018-03-21 22:00:00",61.59,21.71,0,0.997
"C2","2018-03-21 22:10:00",62.26,21.88,0,0.989
"C2","2018-03-21 22:20:00",62.29,21.65,0,0.976
"C2","2018-03-21 22:30:00",61.74,21.71,0,0.993
"C2","2018-03-21 22:40:00",62.02,21.82,0,0.993
"C2","2018-03-21 22:50:00",61.71,21.69,0.069,0.993
"C2","2018-03-21 23:00:00",61.54,21.66,0,0.996
"C2","2018-03-21 23:10:00",61.92,21.75,0,0.991
"C2","2018-03-21 23:20:00",61.88,21.77,0,0.993
"C2","2018-03-21 23:30:00",61.79,21.65,0,0.988
"C2","2018-03-21 23:40:00",61.3,21.64,0,1
"C2","2018-03-21 23:50:00",61.4,21.85,0,1.01
"C2","2018-03-22 00:00:00",61.25,21.66,0,1.003
"C2","2018-03-22 00:10:00",61.75,21.66,0,0.99
"C2","2018-03-22 00:20:00",62.16,21.85,0,0.991
"C2","2018-03-22 00:30:00",61.42,21.73,0,1.003
"C2","2018-03-22 00:40:00",61.62,21.69,0,0.995
"C2","2018-03-22 00:50:00",62.26,21.76,0,0.983
"C2","2018-03-22 01:00:00",61.51,21.67,0,0.997
"C2","2018-03-22 01:10:00",61.89,21.71,0,0.989
"C2","2018-03-22 01:20:00",62.33,21.85,0,0.986
"C2","2018-03-22 01:30:00",61.86,21.68,0.069,0.988
"C2","2018-03-22 01:40:00",61.44,21.7,0,1
"C2","2018-03-22 01:50:00",61.53,21.77,0,1.003
"C2","2018-03-22 02:00:00",61.64,21.87,0,1.006
"C2","2018-03-22 02:10:00",61.71,21.72,0,0.995
"C2","2018-03-22 02:20:00",61.79,21.58,0,0.984
"C2","2018-03-22 02:30:00",61.78,21.8,0,0.998
"C2","2018-03-22 02:40:00",61.54,21.76,0,1.002
"C2","2018-03-22 02:50:00",61.65,21.59,0,0.988
"C2","2018-03-22 03:00:00",61.62,21.76,0,0.999
"C2","2018-03-22 03:10:00",61.8,21.78,0,0.996
"C2","2018-03-22 03:20:00",62.13,21.62,0,0.978
"C2","2018-03-22 03:30:00",61.7,21.75,0,0.997
"C2","2018-03-22 03:40:00",61.9,21.84,0,0.997
"C2","2018-03-22 03:50:00",61.67,21.63,0,0.99
"C2","2018-03-22 04:00:00",61.41,21.81,0,1.008
"C2","2018-03-22 04:10:00",62.02,21.7,0,0.985
"C2","2018-03-22 04:20:00",61.83,21.63,0,0.986
"C2","2018-03-22 04:30:00",61.07,21.67,0,1.008
"C2","2018-03-22 04:40:00",62.01,21.82,0,0.993
"C2","2018-03-22 04:50:00",61.6,21.58,0,0.989
"C2","2018-03-22 05:00:00",61.29,21.7,0,1.004
"C2","2018-03-22 05:10:00",62.42,21.8,0,0.981
"C2","2018-03-22 05:20:00",61.69,21.56,0,0.986
"C2","2018-03-22 05:30:00",61.89,21.8,0,0.995
"C2","2018-03-22 05:40:00",61.31,21.68,0,1.002
"C2","2018-03-22 05:50:00",61.26,21.6,0,0.999
"C2","2018-03-22 06:00:00",62.2,21.8,0.069,0.987
"C2","2018-03-22 06:10:00",61.91,21.78,0,0.993
"C2","2018-03-22 06:20:00",62.32,21.64,0,0.974
"C2","2018-03-22 06:30:00",61.55,21.76,0,1.001
"C2","2018-03-22 06:40:00",61.81,21.87,0,1.001
"C2","2018-03-22 06:50:00",61.31,21.59,0,0.997
"C2","2018-03-22 07:00:00",60.92,21.6,0,1.008
"C2","2018-03-22 07:10:00",62.16,21.85,0,0.991
"C2","2018-03-22 07:20:00",62.05,21.68,0,0.983
"C2","2018-03-22 07:30:00",61.46,21.65,0,0.997
"C2","2018-03-22 07:40:00",61.9,21.88,0,0.999
"C2","2018-03-22 07:50:00",61.46,21.65,0,0.997
"C2","2018-03-22 08:00:00",62.13,21.76,0,0.986
"C2","2018-03-22 08:10:00",62.2,21.93,123.2,0.995
"C2","2018-03-22 08:20:00",62.13,21.93,152.5,0.997
"C2","2018-03-22 08:30:00",62.62,22.02,165.4,0.99
"C2","2018-03-22 08:40:00",61.61,22.03,137.1,1.016
"C2","2018-03-22 08:50:00",62.84,22.27,141.8,0.998
"C2","2018-03-22 09:00:00",61.14,21.85,158.1,1.017
"C2","2018-03-22 09:10:00",61.1,21.89,152.7,1.021
"C2","2018-03-22 09:20:00",62.72,22.16,145.6,0.994
"C2","2018-03-22 09:30:00",62.88,22.11,136.4,0.987
"C2","2018-03-22 09:40:00",61.41,21.72,151.8,1.002
"C2","2018-03-22 09:50:00",62.83,22.09,146.2,0.987
"C2","2018-03-22 10:00:00",62.21,21.99,134.4,0.999
"C2","2018-03-22 10:10:00",62.74,22.02,87.3,0.986
"C2","2018-03-22 10:20:00",61.57,21.83,93.5,1.005
"C2","2018-03-22 10:30:00",62.97,22.27,142.3,0.995
"C2","2018-03-22 10:40:00",61.99,22.02,151.2,1.005
"C2","2018-03-22 10:50:00",62.58,21.99,158,0.988
"C2","2018-03-22 11:00:00",62.94,22,163.4,0.98
"C2","2018-03-22 11:10:00",62.94,22.14,145.6,0.988
"C2","2018-03-22 11:20:00",62.61,22.07,132.6,0.993
"C2","2018-03-22 11:30:00",62.35,22.01,131.6,0.995
"C2","2018-03-22 11:40:00",63.03,22.04,152.7,0.98
"C2","2018-03-22 11:50:00",63.86,22,166.6,0.956
"C2","2018-03-22 12:00:00",63.31,21.98,164,0.969
"C2","2018-03-22 12:10:00",62.82,21.95,146.9,0.979
"C2","2018-03-22 12:20:00",61.77,21.96,123.6,1.008
"C2","2018-03-22 12:30:00",62.31,22.03,141.8,0.998
"C2","2018-03-22 12:40:00",62.03,22.01,146.9,1.004
"C2","2018-03-22 12:50:00",63.23,22.03,168.7,0.973
"C2","2018-03-22 13:00:00",62.63,22.07,171.4,0.992
"C2","2018-03-22 13:10:00",62.83,22.07,153.8,0.986
"C2","2018-03-22 13:20:00",63.18,22.12,129.4,0.98
"C2","2018-03-22 13:30:00",63.44,22.06,134.7,0.97
"C2","2018-03-22 13:40:00",62.04,22.12,159.9,1.01
"C2","2018-03-22 13:50:00",62.78,22.03,171.4,0.985
"C2","2018-03-22 14:00:00",62.78,22.19,172.3,0.995
"C2","2018-03-22 14:10:00",62.51,21.94,158.9,0.988
"C2","2018-03-22 14:20:00",62.57,21.98,150.9,0.988
"C2","2018-03-22 14:30:00",62.07,22.09,135,1.007
"C2","2018-03-22 14:40:00",63.39,22.15,130.7,0.977
"C2","2018-03-22 14:50:00",63.09,22.1,157.2,0.982
"C2","2018-03-22 15:00:00",62.58,22,172.6,0.988
"C2","2018-03-22 15:10:00",63.2,21.99,143.7,0.972
"C2","2018-03-22 15:20:00",62.06,22,126.3,1.002
"C2","2018-03-22 15:30:00",62.74,21.98,135.1,0.984
"C2","2018-03-22 15:40:00",63.12,22.07,153.8,0.978
"C2","2018-03-22 15:50:00",62.77,22.26,143,1
"C2","2018-03-22 16:00:00",63.01,22.05,119.9,0.981
"C2","2018-03-22 16:10:00",63.26,22.05,138,0.974
"C2","2018-03-22 16:20:00",62.11,21.72,156.8,0.984
"C2","2018-03-22 16:30:00",63.49,22.17,161.5,0.974
"C2","2018-03-22 16:40:00",61.23,21.46,155.5,0.991
"C2","2018-03-22 16:50:00",62.2,22.02,155.5,1
"C2","2018-03-22 17:00:00",62.53,21.78,155.5,0.977
"C2","2018-03-22 17:10:00",62.18,21.73,153.6,0.983
"C2","2018-03-22 17:20:00",63.54,22.12,139.8,0.971
"C2","2018-03-22 17:30:00",63.02,22.15,159.9,0.986
"C2","2018-03-22 17:40:00",63.91,22.27,145.8,0.97
"C2","2018-03-22 17:50:00",62.42,21.95,120,0.991
"C2","2018-03-22 18:00:00",63.39,22,144.1,0.967
"C2","2018-03-22 18:10:00",62.82,22.19,154.1,0.994
"C2","2018-03-22 18:20:00",62.74,22.09,150.6,0.99
"C2","2018-03-22 18:30:00",62.98,22.31,134.4,0.997
"C2","2018-03-22 18:40:00",62.71,21.99,125.6,0.985
"C2","2018-03-22 18:50:00",63.19,22.31,139.8,0.992
"C2","2018-03-22 19:00:00",62.73,22.05,152.5,0.988
"C2","2018-03-22 19:10:00",62.68,22.04,163.5,0.988
"C2","2018-03-22 19:20:00",62.8,22.12,163.5,0.991
"C2","2018-03-22 19:30:00",63.08,21.94,157.3,0.972
"C2","2018-03-22 19:40:00",62.18,21.98,136.5,0.998
"C2","2018-03-22 19:50:00",62.42,21.94,124.9,0.99
"C2","2018-03-22 20:00:00",63.11,22.17,142.6,0.985
"C2","2018-03-22 20:10:00",62.38,21.84,0,0.984
"C2","2018-03-22 20:20:00",62.47,21.77,0,0.978
"C2","2018-03-22 20:30:00",61.96,21.62,0,0.982
"C2","2018-03-22 20:40:00",62.12,21.87,0,0.993
"C2","2018-03-22 20:50:00",61.77,21.65,0,0.989
"C2","2018-03-22 21:00:00",61.98,21.84,0,0.995
"C2","2018-03-22 21:10:00",62.19,21.73,0,0.983
"C2","2018-03-22 21:20:00",61.28,21.66,0,1.002
"C2","2018-03-22 21:30:00",61.97,21.86,0,0.996
"C2","2018-03-22 21:40:00",62.08,21.53,0,0.974
"C2","2018-03-22 21:50:00",62.08,21.85,0,0.993
"C2","2018-03-22 22:00:00",61.46,21.65,0,0.997
"C2","2018-03-22 22:10:00",62.3,21.76,0,0.981
"C2","2018-03-22 22:20:00",62.36,21.77,0,0.98
"C2","2018-03-22 22:30:00",61.61,21.59,0,0.99
"C2","2018-03-22 22:40:00",62.21,21.89,0,0.992
"C2","2018-03-22 22:50:00",61.72,21.6,0,0.987
"C2","2018-03-22 23:00:00",62.41,21.83,0,0.983
"C2","2018-03-22 23:10:00",61.91,21.69,0,0.988
"C2","2018-03-22 23:20:00",61.67,21.79,0,1
"C2","2018-03-22 23:30:00",62.89,21.87,0,0.973
"C2","2018-03-22 23:40:00",61.42,21.62,0,0.996
"C2","2018-03-22 23:50:00",61.89,21.87,0,0.999
"C2","2018-03-23 00:00:00",60.94,21.64,0,1.01
"C2","2018-03-23 00:10:00",61.89,21.78,0,0.993
"C2","2018-03-23 00:20:00",62.74,21.85,0,0.976
"C2","2018-03-23 00:30:00",61.89,21.58,0,0.982
"C2","2018-03-23 00:40:00",61.65,21.83,0,1.003
"C2","2018-03-23 00:50:00",61.72,21.57,0,0.986
"C2","2018-03-23 01:00:00",62.38,21.89,0,0.987
"C2","2018-03-23 01:10:00",62.08,21.76,0,0.987
"C2","2018-03-23 01:20:00",61.79,21.63,0.069,0.987
"C2","2018-03-23 01:30:00",62.87,21.93,0,0.977
"C2","2018-03-23 01:40:00",61.75,21.59,0,0.986
"C2","2018-03-23 01:50:00",62.02,21.88,0,0.996
"C2","2018-03-23 02:00:00",61.52,21.67,0,0.997
"C2","2018-03-23 02:10:00",61.73,21.67,0,0.991
"C2","2018-03-23 02:20:00",62.39,21.82,0,0.983
"C2","2018-03-23 02:30:00",61.49,21.62,0,0.994
"C2","2018-03-23 02:40:00",62.44,21.83,0,0.982
"C2","2018-03-23 02:50:00",61.71,21.65,0,0.991
"C2","2018-03-23 03:00:00",62.75,21.87,0,0.976
"C2","2018-03-23 03:10:00",61.84,21.69,0,0.989
"C2","2018-03-23 03:20:00",62.36,21.72,0,0.978
"C2","2018-03-23 03:30:00",62.07,21.78,0,0.989
"C2","2018-03-23 03:40:00",61.69,21.6,0,0.988
"C2","2018-03-23 03:50:00",62.42,21.86,0,0.985
"C2","2018-03-23 04:00:00",60.98,21.61,0,1.007
"C2","2018-03-23 04:10:00",61.89,21.82,0,0.996
"C2","2018-03-23 04:20:00",61.59,21.66,0,0.994
"C2","2018-03-23 04:30:00",62.31,21.64,0,0.974
"C2","2018-03-23 04:40:00",61.67,21.84,0,1.003
"C2","2018-03-23 04:50:00",61.84,21.68,0,0.989
"C2","2018-03-23 05:00:00",61.54,21.75,0,1.001
"C2","2018-03-23 05:10:00",62.31,21.84,0,0.986
"C2","2018-03-23 05:20:00",62.02,21.58,0,0.978
"C2","2018-03-23 05:30:00",61.83,21.88,0,1.001
"C2","2018-03-23 05:40:00",62.15,21.62,0,0.977
"C2","2018-03-23 05:50:00",61.9,21.78,0,0.993
"C2","2018-03-23 06:00:00",62.4,21.86,0,0.985
"C2","2018-03-23 06:10:00",62.1,21.59,0,0.977
"C2","2018-03-23 06:20:00",62.62,21.92,0,0.983
"C2","2018-03-23 06:30:00",62.53,21.6,0.069,0.966
"C2","2018-03-23 06:40:00",62.42,21.83,0,0.983
"C2","2018-03-23 06:50:00",61.26,21.63,0,1.001
"C2","2018-03-23 07:00:00",61.42,21.77,0,1.005
"C2","2018-03-23 07:10:00",61.86,21.83,0,0.998
"C2","2018-03-23 07:20:00",62.34,21.63,0,0.973
"C2","2018-03-23 07:30:00",62.13,21.9,0,0.995
"C2","2018-03-23 07:40:00",61.42,21.58,0,0.994
"C2","2018-03-23 07:50:00",62.53,21.96,0,0.988
"C2","2018-03-23 08:00:00",61.76,21.67,0,0.99
"C2","2018-03-23 08:10:00",61.44,21.88,140.6,1.011
"C2","2018-03-23 08:20:00",61.28,22.01,138.1,1.024
"C2","2018-03-23 08:30:00",62.19,21.79,121.7,0.986
"C2","2018-03-23 08:40:00",62.11,21.92,160,0.996
"C2","2018-03-23 08:50:00",62.44,22.29,165.1,1.011
"C2","2018-03-23 09:00:00",62.43,22.11,133.1,1
"C2","2018-03-23 09:10:00",62.75,22.04,138.5,0.987
"C2","2018-03-23 09:20:00",63.02,22.15,166.6,0.987
"C2","2018-03-23 09:30:00",62.07,22.05,152.6,1.006
"C2","2018-03-23 09:40:00",62.08,22.05,127.2,1.005
"C2","2018-03-23 09:50:00",62.41,22.01,158.1,0.994
"C2","2018-03-23 10:00:00",62.29,22.05,147.5,1
"C2","2018-03-23 10:10:00",62.74,22.05,123.4,0.987
"C2","2018-03-23 10:20:00",62.46,22.07,164.2,0.996
"C2","2018-03-23 10:30:00",63.34,22.3,152.1,0.986
"C2","2018-03-23 10:40:00",62.34,22.06,129.9,0.999
"C2","2018-03-23 10:50:00",61.08,22.03,153.8,1.03
"C2","2018-03-23 11:00:00",62.23,22,149.3,0.998
"C2","2018-03-23 11:10:00",63.12,21.99,128.5,0.974
"C2","2018-03-23 11:20:00",62.39,22.13,156.3,1.002
"C2","2018-03-23 11:30:00",63.19,22.03,143.3,0.975
"C2","2018-03-23 11:40:00",62.52,22.1,135.2,0.997
"C2","2018-03-23 11:50:00",62.87,22.06,170.4,0.985
"C2","2018-03-23 12:00:00",62.42,22.02,146.6,0.994
"C2","2018-03-23 12:10:00",62.59,22.05,132,0.992
"C2","2018-03-23 12:20:00",63.01,22.25,162.2,0.992
"C2","2018-03-23 12:30:00",62.65,22.05,153.7,0.99
"C2","2018-03-23 12:40:00",61.96,21.97,132.7,1.003
"C2","2018-03-23 12:50:00",62.48,22.06,156,0.995
"C2","2018-03-23 13:00:00",62.74,22.06,147.8,0.988
"C2","2018-03-23 13:10:00",62.8,22.06,123.6,0.987
"C2","2018-03-23 13:20:00",62.36,22.09,161,1
"C2","2018-03-23 13:30:00",63.28,22.14,149.5,0.979
"C2","2018-03-23 13:40:00",62.73,22.14,133.2,0.993
"C2","2018-03-23 13:50:00",63.1,22.09,166.2,0.981
"C2","2018-03-23 14:00:00",62.05,22.07,144.7,1.007
"C2","2018-03-23 14:10:00",62.13,22.09,129.9,1.006
"C2","2018-03-23 14:20:00",63.89,22.25,152.4,0.969
"C2","2018-03-23 14:30:00",62.28,22.06,147,1.001
"C2","2018-03-23 14:40:00",63.05,22.08,123.6,0.982
"C2","2018-03-23 14:50:00",62.79,22.19,148.3,0.995
"C2","2018-03-23 15:00:00",62.11,22.11,147.5,1.007
"C2","2018-03-23 15:10:00",62.67,22.03,124.6,0.988
"C2","2018-03-23 15:20:00",63.71,22.17,153.5,0.969
"C2","2018-03-23 15:30:00",61.72,22.04,147.1,1.014
"C2","2018-03-23 15:40:00",62.27,22.05,128.5,1
"C2","2018-03-23 15:50:00",63.9,22.2,162.8,0.966
"C2","2018-03-23 16:00:00",63.22,22.27,139.9,0.988
"C2","2018-03-23 16:10:00",62.95,22.01,133.6,0.98
"C2","2018-03-23 16:20:00",62.5,22.16,162.2,1.001
"C2","2018-03-23 16:30:00",62.84,21.99,160.7,0.983
"C2","2018-03-23 16:40:00",62.65,22.16,147.6,0.997
"C2","2018-03-23 16:50:00",61.68,22.12,139.4,1.02
"C2","2018-03-23 17:00:00",62.75,22.13,132.5,0.992
"C2","2018-03-23 17:10:00",62.41,22.02,122.9,0.994
"C2","2018-03-23 17:20:00",63.06,22.1,138.2,0.983
"C2","2018-03-23 17:30:00",63.04,22.03,137.3,0.978
"C2","2018-03-23 17:40:00",62.29,22.08,134.4,1.002
"C2","2018-03-23 17:50:00",64.2,22.14,135.1,0.955
"C2","2018-03-23 18:00:00",62.57,22.19,116.8,1.001
"C2","2018-03-23 18:10:00",63.12,22.15,137,0.984
"C2","2018-03-23 18:20:00",62.81,22.02,137.1,0.984
"C2","2018-03-23 18:30:00",62.67,22.01,146.6,0.987
"C2","2018-03-23 18:40:00",62.57,22.06,152.7,0.993
"C2","2018-03-23 18:50:00",62.68,22.16,156.6,0.996
"C2","2018-03-23 19:00:00",62.83,22.12,139.1,0.989
"C2","2018-03-23 19:10:00",63.05,22.1,170.4,0.983
"C2","2018-03-23 19:20:00",62.83,22.06,170.9,0.985
"C2","2018-03-23 19:30:00",62.97,22.11,157,0.985
"C2","2018-03-23 19:40:00",63.24,22.04,132.4,0.974
"C2","2018-03-23 19:50:00",61.98,22.08,141.6,1.01
"C2","2018-03-23 20:00:00",63.16,21.99,151.5,0.973
"C2","2018-03-23 20:10:00",62.31,21.9,0,0.99
"C2","2018-03-23 20:20:00",62.37,21.68,0,0.975
"C2","2018-03-23 20:30:00",61.94,21.76,0,0.991
"C2","2018-03-23 20:40:00",62.53,21.93,0,0.986
"C2","2018-03-23 20:50:00",61.88,21.57,0.069,0.981
"C2","2018-03-23 21:00:00",61.93,21.93,0,1.002
"C2","2018-03-23 21:10:00",61.7,21.67,0,0.992
"C2","2018-03-23 21:20:00",61.64,21.81,0,1.002
"C2","2018-03-23 21:30:00",62.25,21.77,0,0.984
"C2","2018-03-23 21:40:00",62.43,21.96,0,0.99
"C2","2018-03-23 21:50:00",61.85,21.68,0,0.989
"C2","2018-03-23 22:00:00",61.54,21.84,0,1.006
"C2","2018-03-23 22:10:00",61.56,21.79,0,1.003
"C2","2018-03-23 22:20:00",62.12,21.86,0,0.992
"C2","2018-03-23 22:30:00",62.33,21.75,0,0.98
"C2","2018-03-23 22:40:00",62.09,21.72,0,0.985
"C2","2018-03-23 22:50:00",61.62,21.82,0,1.003
"C2","2018-03-23 23:00:00",62.24,21.75,0,0.983
"C2","2018-03-23 23:10:00",62.73,21.91,0,0.98
"C2","2018-03-23 23:20:00",61.14,21.66,0,1.006
"C2","2018-03-23 23:30:00",62.42,21.94,0,0.99
"C2","2018-03-23 23:40:00",61.44,21.6,0,0.994
"C2","2018-03-23 23:50:00",62.15,21.99,0,1
"C2","2018-03-24 00:00:00",61.92,21.62,0,0.983
"C2","2018-03-24 00:10:00",62.21,21.92,0,0.994
"C2","2018-03-24 00:20:00",61.28,21.64,0,1.001
"C2","2018-03-24 00:30:00",62.32,21.96,0,0.993
"C2","2018-03-24 00:40:00",61.28,21.6,0,0.998
"C2","2018-03-24 00:50:00",62.6,22,0,0.989
"C2","2018-03-24 01:00:00",61.33,21.66,0,1.001
"C2","2018-03-24 01:10:00",61.95,21.95,0,1.002
"C2","2018-03-24 01:20:00",62.04,21.7,0,0.985
"C2","2018-03-24 01:30:00",61.99,21.89,0,0.998
"C2","2018-03-24 01:40:00",62.58,21.79,0,0.976
"C2","2018-03-24 01:50:00",61.86,21.93,0,1.004
"C2","2018-03-24 02:00:00",62.07,21.67,0,0.982
"C2","2018-03-24 02:10:00",62.21,21.97,0,0.997
"C2","2018-03-24 02:20:00",61.35,21.64,0,0.999
"C2","2018-03-24 02:30:00",62.02,21.86,0,0.995
"C2","2018-03-24 02:40:00",61.3,21.66,0,1.002
"C2","2018-03-24 02:50:00",61.6,21.88,0,1.008
"C2","2018-03-24 03:00:00",61.94,21.66,0,0.986
"C2","2018-03-24 03:10:00",62.64,21.92,0,0.983
"C2","2018-03-24 03:20:00",61.72,21.55,0,0.984
"C2","2018-03-24 03:30:00",62.82,21.91,0,0.977
"C2","2018-03-24 03:40:00",61.08,21.64,0,1.007
"C2","2018-03-24 03:50:00",61.9,21.96,0,1.004
"C2","2018-03-24 04:00:00",61.53,21.6,0,0.992
"C2","2018-03-24 04:10:00",62.53,21.9,0.069,0.984
"C2","2018-03-24 04:20:00",62.31,21.74,0,0.98
"C2","2018-03-24 04:30:00",62.04,21.81,0,0.992
"C2","2018-03-24 04:40:00",61.28,21.69,0,1.004
"C2","2018-03-24 04:50:00",61.72,21.85,0,1.002
"C2","2018-03-24 05:00:00",61.42,21.67,0,1
"C2","2018-03-24 05:10:00",61.81,21.86,0,1.001
"C2","2018-03-24 05:20:00",61.48,21.7,0,0.999
"C2","2018-03-24 05:30:00",61.76,21.85,0,1.002
"C2","2018-03-24 05:40:00",62.06,21.76,0,0.988
"C2","2018-03-24 05:50:00",61.86,21.76,0,0.993
"C2","2018-03-24 06:00:00",61.57,21.84,0,1.006
"C2","2018-03-24 06:10:00",61.67,21.75,0,0.998
"C2","2018-03-24 06:20:00",61.77,21.88,0,1.003
"C2","2018-03-24 06:30:00",61.3,21.64,0,1.001
"C2","2018-03-24 06:40:00",61.85,21.89,0,1.001
"C2","2018-03-24 06:50:00",61.54,21.6,0,0.992
"C2","2018-03-24 07:00:00",61.8,21.92,0,1.005
"C2","2018-03-24 07:10:00",61.62,21.68,0,0.995
"C2","2018-03-24 07:20:00",62.36,21.96,0,0.992
"C2","2018-03-24 07:30:00",62.35,21.75,0,0.98
"C2","2018-03-24 07:40:00",62.22,21.91,0,0.993
"C2","2018-03-24 07:50:00",61.86,21.78,0,0.995
"C2","2018-03-24 08:00:00",61.98,21.84,0,0.995
"C2","2018-03-24 08:10:00",61.89,22.07,150.9,1.011
"C2","2018-03-24 08:20:00",62.78,22.1,155.8,0.989
"C2","2018-03-24 08:30:00",62.37,22.18,142,1.005
"C2","2018-03-24 08:40:00",62.88,22.03,132.7,0.984
"C2","2018-03-24 08:50:00",63.54,22,135.2,0.964
"C2","2018-03-24 09:00:00",62.84,22.06,135.2,0.985
"C2","2018-03-24 09:10:00",62.49,22.03,128.3,0.994
"C2","2018-03-24 09:20:00",61.96,22.07,140.6,1.01
"C2","2018-03-24 09:30:00",62.04,21.98,155.3,1.002
"C2","2018-03-24 09:40:00",63.3,22.14,145,0.979
"C2","2018-03-24 09:50:00",62.9,22.01,165.2,0.981
"C2","2018-03-24 10:00:00",63.09,21.98,162.4,0.975
"C2","2018-03-24 10:10:00",62.52,22,148.1,0.991
"C2","2018-03-24 10:20:00",62.04,22.01,125.4,1.004
"C2","2018-03-24 10:30:00",62.96,22.02,152,0.981
"C2","2018-03-24 10:40:00",63.21,22.01,141,0.973
"C2","2018-03-24 10:50:00",63.13,22.01,125.4,0.976
"C2","2018-03-24 11:00:00",63.11,22.14,165.5,0.983
"C2","2018-03-24 11:10:00",80.3,22,143.7,0.521
"C2","2018-03-24 11:20:00",80.2,21.79,121.6,0.516
"C2","2018-03-24 11:30:00",79.9,22.02,158.2,0.532
"C2","2018-03-24 11:40:00",80.7,22.27,144.6,0.518
"C2","2018-03-24 11:50:00",79.9,21.89,127.1,0.527
"C2","2018-03-24 12:00:00",80.1,22.03,158.1,0.528
"C2","2018-03-24 12:10:00",80.2,21.92,137.6,0.521
"C2","2018-03-24 12:20:00",80.2,22.11,130,0.526
"C2","2018-03-24 12:30:00",80.2,22.07,164.1,0.525
"C2","2018-03-24 12:40:00",80.3,22.13,139.8,0.524
"C2","2018-03-24 12:50:00",80.5,22.03,132.4,0.516
"C2","2018-03-24 13:00:00",80.7,22.05,158.9,0.512
"C2","2018-03-24 13:10:00",67.99,22.16,151.4,0.855
"C2","2018-03-24 13:20:00",64.39,22.15,134.3,0.95
"C2","2018-03-24 13:30:00",63.05,22.21,164.7,0.988
"C2","2018-03-24 13:40:00",62.54,22.06,152.4,0.994
"C2","2018-03-24 13:50:00",62.35,22.03,126.6,0.997
"C2","2018-03-24 14:00:00",62.15,22.13,157.7,1.008
"C2","2018-03-24 14:10:00",63.04,22.07,145.9,0.981
"C2","2018-03-24 14:20:00",63.61,22.02,138.7,0.963
"C2","2018-03-24 14:30:00",63.07,22.14,171.7,0.984
"C2","2018-03-24 14:40:00",64.31,21.99,150,0.944
"C2","2018-03-24 14:50:00",63.11,22.1,130.7,0.981
"C2","2018-03-24 15:00:00",63.03,22.13,166.5,0.985
"C2","2018-03-24 15:10:00",62.53,22.11,141.8,0.997
"C2","2018-03-24 15:20:00",62.55,22.17,134.2,1.001
"C2","2018-03-24 15:30:00",63.04,22.2,162,0.989
"C2","2018-03-24 15:40:00",61.71,22.13,143.8,1.02
"C2","2018-03-24 15:50:00",62.61,22.04,125.2,0.991
"C2","2018-03-24 16:00:00",62.86,22.13,165,0.989
"C2","2018-03-24 16:10:00",62.31,22.04,143.8,0.999
"C2","2018-03-24 16:20:00",62.93,22.08,124,0.984
"C2","2018-03-24 16:30:00",62.73,22.22,166.2,0.998
"C2","2018-03-24 16:40:00",63.24,22.1,146.5,0.979
"C2","2018-03-24 16:50:00",63.87,22.07,121.3,0.959
"C2","2018-03-24 17:00:00",62.69,22.24,160.9,1
"C2","2018-03-24 17:10:00",62.71,22.18,140.2,0.996
"C2","2018-03-24 17:20:00",63.88,22.05,129.8,0.958
"C2","2018-03-24 17:30:00",62.53,22.08,165.3,0.995
"C2","2018-03-24 17:40:00",62.44,22.03,144.1,0.995
"C2","2018-03-24 17:50:00",63.76,22.04,126.8,0.961
"C2","2018-03-24 18:00:00",62.25,22.18,151.8,1.009
"C2","2018-03-24 18:10:00",63,21.99,144.4,0.978
"C2","2018-03-24 18:20:00",63.64,22.08,115.8,0.966
"C2","2018-03-24 18:30:00",62.81,22.23,160.5,0.997
"C2","2018-03-24 18:40:00",62.82,22.23,146.7,0.997
"C2","2018-03-24 18:50:00",62.54,21.97,131.1,0.988
"C2","2018-03-24 19:00:00",62.6,22.12,164.6,0.996
"C2","2018-03-24 19:10:00",61.74,21.96,148.8,1.009
"C2","2018-03-24 19:20:00",62.28,22,124.9,0.997
"C2","2018-03-24 19:30:00",62.9,22.19,168.1,0.992
"C2","2018-03-24 19:40:00",62.73,22.05,146.2,0.988
"C2","2018-03-24 19:50:00",63.31,22.17,132,0.98
"C2","2018-03-24 20:00:00",62.64,22.2,159.5,1
"C2","2018-03-24 20:10:00",65.86,21.25,0,0.862
"C2","2018-03-24 20:20:00",64.54,21.99,0,0.937
"C2","2018-03-24 20:30:00",62.77,21.67,0,0.965
"C2","2018-03-24 20:40:00",61.93,21.8,0,0.994
"C2","2018-03-24 20:50:00",61.68,21.79,0,1
"C2","2018-03-24 21:00:00",61.75,21.69,0,0.992
"C2","2018-03-24 21:10:00",62.1,21.94,0,0.998
"C2","2018-03-24 21:20:00",61.37,21.65,0,0.999
"C2","2018-03-24 21:30:00",63.2,21.94,0,0.969
"C2","2018-03-24 21:40:00",62.25,21.87,0,0.99
"C2","2018-03-24 21:50:00",61.3,21.64,0,1
"C2","2018-03-24 22:00:00",62.38,22.04,0,0.997
"C2","2018-03-24 22:10:00",61.76,21.83,0,1
"C2","2018-03-24 22:20:00",61.59,21.6,0,0.991
"C2","2018-03-24 22:30:00",62.01,21.96,0,1.001
"C2","2018-03-24 22:40:00",61.85,21.69,0,0.989
"C2","2018-03-24 22:50:00",63.07,22.02,0,0.977
"C2","2018-03-24 23:00:00",61.69,21.75,0,0.997
"C2","2018-03-24 23:10:00",62.27,21.82,0,0.986
"C2","2018-03-24 23:20:00",62.28,21.86,0,0.988
"C2","2018-03-24 23:30:00",61.49,21.62,0,0.994
"C2","2018-03-24 23:40:00",62.12,22.01,0,1.002
"C2","2018-03-24 23:50:00",61.54,21.71,0,0.999
"C2","2018-03-25 00:00:00",61.9,21.86,0,0.998
"C2","2018-03-25 00:10:00",62.12,21.92,0,0.996
"C2","2018-03-25 00:20:00",62.35,21.71,0.069,0.978
"C2","2018-03-25 00:30:00",62.15,21.99,0,1
"C2","2018-03-25 00:40:00",61.35,21.65,0,0.999
"C2","2018-03-25 00:50:00",61.96,21.88,0,0.998
"C2","2018-03-25 01:00:00",61.81,21.82,0,0.998
"C2","2018-03-25 01:10:00",61.71,21.67,0,0.992
"C2","2018-03-25 01:20:00",63.18,22.03,0.069,0.975
"C2","2018-03-25 01:30:00",61.88,21.68,0,0.988
"C2","2018-03-25 01:40:00",62.34,22.01,0,0.996
"C2","2018-03-25 01:50:00",61.8,21.78,0,0.996
"C2","2018-03-25 02:00:00",61.54,21.65,0,0.995
"C2","2018-03-25 02:10:00",62.73,21.98,0,0.984
"C2","2018-03-25 02:20:00",61.81,21.67,0,0.989
"C2","2018-03-25 02:30:00",62.35,21.97,0,0.993
"C2","2018-03-25 02:40:00",61.73,21.68,0.069,0.992
"C2","2018-03-25 02:50:00",62.12,22.05,0,1.004
"C2","2018-03-25 03:00:00",61.63,21.7,0,0.995
"C2","2018-03-25 03:10:00",62.61,21.85,0,0.979
"C2","2018-03-25 03:20:00",61.9,21.89,0,1
"C2","2018-03-25 03:30:00",61.92,21.73,0,0.99
"C2","2018-03-25 03:40:00",61.79,21.9,0.069,1.004
"C2","2018-03-25 03:50:00",61.98,21.61,0,0.981
"C2","2018-03-25 04:00:00",62.01,22.02,0,1.005
"C2","2018-03-25 04:10:00",61.31,21.65,0,1.001
"C2","2018-03-25 04:20:00",62.3,22.01,0,0.997
"C2","2018-03-25 04:30:00",61.57,21.78,0,1.002
"C2","2018-03-25 04:40:00",61.57,21.71,0,0.998
"C2","2018-03-25 04:50:00",62.48,21.99,0,0.991
"C2","2018-03-25 05:00:00",61.39,21.67,0,1
"C2","2018-03-25 05:10:00",62.33,22.04,0,0.998
"C2","2018-03-25 05:20:00",61.91,21.67,0,0.986
"C2","2018-03-25 05:30:00",62.11,21.86,0,0.993
"C2","2018-03-25 05:40:00",61.79,21.86,0,1.001
"C2","2018-03-25 05:50:00",61.68,21.69,0.069,0.994
"C2","2018-03-25 06:00:00",62.03,21.99,0,1.003
"C2","2018-03-25 06:10:00",61.71,21.61,0,0.988
"C2","2018-03-25 06:20:00",62.35,21.98,0,0.994
"C2","2018-03-25 06:30:00",61.5,21.7,0,0.999
"C2","2018-03-25 06:40:00",62.04,21.87,0,0.995
"C2","2018-03-25 06:50:00",62.15,21.85,0,0.991
"C2","2018-03-25 07:00:00",61.64,21.69,0,0.995
"C2","2018-03-25 07:10:00",62.38,21.99,0,0.993
"C2","2018-03-25 07:20:00",61.72,21.66,0,0.991
"C2","2018-03-25 07:30:00",62.27,22.02,0,0.998
"C2","2018-03-25 07:40:00",61.67,21.71,0,0.995
"C2","2018-03-25 07:50:00",62.06,21.95,0,1
"C2","2018-03-25 08:00:00",61.86,21.87,0,1
"C2","2018-03-25 08:10:00",62.72,22.13,137.8,0.993
"C2","2018-03-25 08:20:00",62.36,22.18,126.5,1.006
"C2","2018-03-25 08:30:00",63.2,22.15,162.2,0.982
"C2","2018-03-25 08:40:00",62.59,22.05,151.9,0.992
"C2","2018-03-25 08:50:00",63.55,22.11,128,0.97
"C2","2018-03-25 09:00:00",63.2,22.11,156,0.979
"C2","2018-03-25 09:10:00",62.86,22.06,144.8,0.986
"C2","2018-03-25 09:20:00",62.71,21.96,128.1,0.983
"C2","2018-03-25 09:30:00",62.57,22.18,167.1,1
"C2","2018-03-25 09:40:00",63.16,22.17,147.9,0.984
"C2","2018-03-25 09:50:00",62.95,22.15,123.2,0.988
"C2","2018-03-25 10:00:00",62.09,22.14,156,1.011
"C2","2018-03-25 10:10:00",62.75,22.1,151,0.991
"C2","2018-03-25 10:20:00",62.95,21.97,135.6,0.978
"C2","2018-03-25 10:30:00",62.34,22.06,166.1,0.998
"C2","2018-03-25 10:40:00",63.04,22.03,171.9,0.979
"C2","2018-03-25 10:50:00",62.24,22.11,169.6,1.004
"C2","2018-03-25 11:00:00",63.66,22.11,169.2,0.967
"C2","2018-03-25 11:10:00",46.33,22.5,165.9,1.462
"C2","2018-03-25 11:20:00",48.52,22.04,160.1,1.362
"C2","2018-03-25 11:30:00",41,22.19,160.3,1.578
"C2","2018-03-25 11:40:00",49.6,22.27,160.2,1.355
"C2","2018-03-25 11:50:00",45.17,22.1,160.3,1.457
"C2","2018-03-25 12:00:00",40.17,22.22,161.8,1.602
"C2","2018-03-25 12:10:00",48.77,22.24,161.1,1.375
"C2","2018-03-25 12:20:00",39.67,22.01,161.4,1.597
"C2","2018-03-25 12:30:00",44.38,22.3,159.6,1.497
"C2","2018-03-25 12:40:00",44.18,22.24,160.2,1.497
"C2","2018-03-25 12:50:00",44.54,22.2,157.3,1.483
"C2","2018-03-25 13:00:00",41.64,22.1,159.5,1.552
"C2","2018-03-25 13:10:00",43.33,22.25,160.7,1.521
"C2","2018-03-25 13:20:00",62.69,22.13,158.7,0.994
"C2","2018-03-25 13:30:00",62.37,22.08,163.4,0.999
"C2","2018-03-25 13:40:00",62.76,22.05,162.8,0.987
"C2","2018-03-25 13:50:00",62.89,22.06,156,0.984
"C2","2018-03-25 14:00:00",62.34,22.07,160.7,0.999
"C2","2018-03-25 14:10:00",63.11,22.04,163.2,0.977
"C2","2018-03-25 14:20:00",63.37,22.03,161.5,0.97
"C2","2018-03-25 14:30:00",63.47,22.08,157.8,0.971
"C2","2018-03-25 14:40:00",62.91,22.14,145.9,0.988
"C2","2018-03-25 14:50:00",62.19,22.03,142.3,1.001
"C2","2018-03-25 15:00:00",63.11,22.17,125.8,0.985
"C2","2018-03-25 15:10:00",62.71,22.05,142.9,0.988
"C2","2018-03-25 15:20:00",62.95,22.18,163.1,0.991
"C2","2018-03-25 15:30:00",63.68,22.13,134.3,0.968
"C2","2018-03-25 15:40:00",62.43,22.19,160,1.004
"C2","2018-03-25 15:50:00",61.95,22.01,172.5,1.006
"C2","2018-03-25 16:00:00",63.12,22.09,155.1,0.98
"C2","2018-03-25 16:10:00",63.84,22.03,128.1,0.958
"C2","2018-03-25 16:20:00",62.28,22.11,156.3,1.004
"C2","2018-03-25 16:30:00",63.16,22.04,147.8,0.976
"C2","2018-03-25 16:40:00",62.81,22.13,127.5,0.991
"C2","2018-03-25 16:50:00",63.94,22.02,149.5,0.954
"C2","2018-03-25 17:00:00",62.5,22.25,161.9,1.006
"C2","2018-03-25 17:10:00",63.94,22.14,133,0.962
"C2","2018-03-25 17:20:00",63.71,22.02,148.2,0.962
"C2","2018-03-25 17:30:00",63.39,22.24,169.9,0.982
"C2","2018-03-25 17:40:00",63.19,22.12,169.3,0.98
"C2","2018-03-25 17:50:00",62.91,22.15,170.3,0.989
"C2","2018-03-25 18:00:00",62.71,22.2,164.6,0.997
"C2","2018-03-25 18:10:00",62.91,22.06,155.1,0.984
"C2","2018-03-25 18:20:00",63.5,22.03,145.8,0.967
"C2","2018-03-25 18:30:00",63.49,22.09,138.9,0.971
"C2","2018-03-25 18:40:00",64.3,22.06,126,0.948
"C2","2018-03-25 18:50:00",62.85,22.03,142.4,0.984
"C2","2018-03-25 19:00:00",63.03,22.09,141.4,0.982
"C2","2018-03-25 19:10:00",64.81,22.09,134.3,0.936
"C2","2018-03-25 19:20:00",63.87,22.06,142.2,0.959
"C2","2018-03-25 19:30:00",63.43,22.01,138.8,0.968
"C2","2018-03-25 19:40:00",62.47,22.06,141.2,0.995
"C2","2018-03-25 19:50:00",63.95,22,125.1,0.953
"C2","2018-03-25 20:00:00",63.83,22.12,134.7,0.963
"C2","2018-03-25 20:10:00",62.33,21.93,0,0.991
"C2","2018-03-25 20:20:00",62.2,21.7,0,0.981
"C2","2018-03-25 20:30:00",62.64,21.86,0.069,0.979
"C2","2018-03-25 20:40:00",62.04,21.73,0,0.987
"C2","2018-03-25 20:50:00",62.55,22.08,0,0.995
"C2","2018-03-25 21:00:00",61.93,21.65,0.069,0.985
"C2","2018-03-25 21:10:00",62.14,21.91,0,0.995
"C2","2018-03-25 21:20:00",61.45,21.62,0,0.996
"C2","2018-03-25 21:30:00",62.17,21.96,0,0.997
"C2","2018-03-25 21:40:00",61.75,21.75,0,0.996
"C2","2018-03-25 21:50:00",61.84,21.77,0,0.994
"C2","2018-03-25 22:00:00",62.14,21.94,0,0.997
"C2","2018-03-25 22:10:00",61.63,21.62,0,0.991
"C2","2018-03-25 22:20:00",62.48,22.04,0,0.994
"C2","2018-03-25 22:30:00",61.92,21.76,0,0.992
"C2","2018-03-25 22:40:00",61.77,21.71,0,0.992
"C2","2018-03-25 22:50:00",62.07,22.03,0,1.004
"C2","2018-03-25 23:00:00",61.95,21.69,0,0.987
"C2","2018-03-25 23:10:00",62.07,22.02,0,1.003
"C2","2018-03-25 23:20:00",62.33,21.72,0,0.979
"C2","2018-03-25 23:30:00",62.17,22.01,0,1
"C2","2018-03-25 23:40:00",61.83,21.76,0,0.994
"C2","2018-03-25 23:50:00",61.57,21.84,0,1.005
"C2","2018-03-26 00:00:00",61.73,21.87,0,1.004
"C2","2018-03-26 00:10:00",61.27,21.58,0,0.998
"C2","2018-03-26 00:20:00",62.12,21.95,0,0.998
"C2","2018-03-26 00:30:00",62.14,21.81,0,0.989
"C2","2018-03-26 00:40:00",61.26,21.63,0,1.001
"C2","2018-03-26 00:50:00",62.78,22.05,0,0.986
"C2","2018-03-26 01:00:00",61.74,21.7,0,0.993
"C2","2018-03-26 01:10:00",61.74,21.79,0,0.998
"C2","2018-03-26 01:20:00",61.91,21.97,0,1.005
"C2","2018-03-26 01:30:00",62.56,21.65,0.069,0.968
"C2","2018-03-26 01:40:00",62.06,21.98,0,1.002
"C2","2018-03-26 01:50:00",61.72,21.63,0,0.989
"C2","2018-03-26 02:00:00",62.66,22.03,0,0.988
"C2","2018-03-26 02:10:00",61.91,21.68,0,0.987
"C2","2018-03-26 02:20:00",62.79,21.95,0,0.98
"C2","2018-03-26 02:30:00",62.2,21.77,0,0.985
"C2","2018-03-26 02:40:00",61.75,21.63,0,0.988
"C2","2018-03-26 02:50:00",62.34,22.02,0,0.996
"C2","2018-03-26 03:00:00",61.86,21.65,0,0.987
"C2","2018-03-26 03:10:00",61.87,21.88,0,1
"C2","2018-03-26 03:20:00",61.8,21.65,0,0.988
"C2","2018-03-26 03:30:00",61.74,21.98,0,1.009
"C2","2018-03-26 03:40:00",61.69,21.8,0.069,1
"C2","2018-03-26 03:50:00",61.91,21.72,0,0.99
"C2","2018-03-26 04:00:00",62.63,22.04,0,0.99
"C2","2018-03-26 04:10:00",62.18,21.66,0,0.979
"C2","2018-03-26 04:20:00",62.35,22,0,0.995
"C2","2018-03-26 04:30:00",62.42,21.84,0,0.983
"C2","2018-03-26 04:40:00",61.68,21.62,0,0.989
"C2","2018-03-26 04:50:00",62.51,22.05,0,0.994
"C2","2018-03-26 05:00:00",61.32,21.73,0,1.005
"C2","2018-03-26 05:10:00",62.13,21.74,0,0.985
"C2","2018-03-26 05:20:00",61.96,21.93,0,1.001
"C2","2018-03-26 05:30:00",61.3,21.62,0,1
"C2","2018-03-26 05:40:00",62.22,22.02,0,1
"C2","2018-03-26 05:50:00",61.26,21.69,0,1.005
"C2","2018-03-26 06:00:00",62.55,21.87,0,0.981
"C2","2018-03-26 06:10:00",62.24,21.83,0,0.988
"C2","2018-03-26 06:20:00",61.54,21.7,0,0.998
"C2","2018-03-26 06:30:00",62.38,22.02,0,0.996
"C2","2018-03-26 06:40:00",61.15,21.69,0,1.008
"C2","2018-03-26 06:50:00",62.16,21.79,0,0.987
"C2","2018-03-26 07:00:00",63.16,22.02,0,0.975
"C2","2018-03-26 07:10:00",61.62,21.68,0,0.995
"C2","2018-03-26 07:20:00",62.19,21.91,0,0.994
"C2","2018-03-26 07:30:00",62.67,21.92,0,0.982
"C2","2018-03-26 07:40:00",61.48,21.65,0,0.996
"C2","2018-03-26 07:50:00",62.07,21.73,0.069,0.986
"C2","2018-03-26 08:00:00",63.09,22.05,0,0.979
"C2","2018-03-26 08:10:00",62.03,22.16,128.5,1.013
"C2","2018-03-26 08:20:00",63.07,22.18,130.5,0.988
"C2","2018-03-26 08:30:00",63.04,22.19,156.9,0.988
"C2","2018-03-26 08:40:00",62.96,22.09,142.9,0.985
"C2","2018-03-26 08:50:00",63.83,22.03,124,0.958
"C2","2018-03-26 09:00:00",62.64,22.14,160.3,0.995
"C2","2018-03-26 09:10:00",62.8,22.08,147,0.989
"C2","2018-03-26 09:20:00",63.82,22,122.2,0.957
"C2","2018-03-26 09:30:00",62.95,22.17,144.7,0.989
"C2","2018-03-26 09:40:00",62.85,22.15,144.2,0.991
"C2","2018-03-26 09:50:00",62.51,22.06,120.8,0.995
"C2","2018-03-26 10:00:00",63.82,22.13,148.5,0.965
"C2","2018-03-26 10:10:00",63.54,22.11,147.9,0.97
"C2","2018-03-26 10:20:00",62.32,22.07,130.6,1
"C2","2018-03-26 10:30:00",63.62,22.03,127.3,0.964
"C2","2018-03-26 10:40:00",63.32,22.14,159.7,0.978
"C2","2018-03-26 10:50:00",62.69,22.08,163.9,0.991
"C2","2018-03-26 11:00:00",62.17,22.1,168.6,1.006
"C2","2018-03-26 11:10:00",45.87,22.27,146.1,1.452
"C2","2018-03-26 11:20:00",47.94,22.26,123.2,1.399
"C2","2018-03-26 11:30:00",49.29,22.21,147.4,1.356
"C2","2018-03-26 11:40:00",40,22.22,160.4,1.609
"C2","2018-03-26 11:50:00",45.68,22.36,152.9,1.467
"C2","2018-03-26 12:00:00",47.68,22.09,152.5,1.389
"C2","2018-03-26 12:10:00",47.07,22.27,162.1,1.422
"C2","2018-03-26 12:20:00",42.19,22.21,166.4,1.548
"C2","2018-03-26 12:30:00",41.53,22.25,166.8,1.568
"C2","2018-03-26 12:40:00",50.8,22.14,161.8,1.311
"C2","2018-03-26 12:50:00",48.1,22.04,157.7,1.375
"C2","2018-03-26 13:00:00",40.34,22.41,164,1.616
"C2","2018-03-26 13:10:00",50.44,22.13,156.2,1.322
"C2","2018-03-26 13:20:00",48.78,22.11,145.5,1.363
"C2","2018-03-26 13:30:00",51.51,22.04,148.6,1.284
"C2","2018-03-26 13:40:00",37.78,22.3,141.8,1.675
"C2","2018-03-26 13:50:00",46.96,21.78,133.1,1.386
"C2","2018-03-26 14:00:00",45.54,22.17,134.6,1.455
"C2","2018-03-26 14:10:00",50.79,22.18,134.9,1.319
"C2","2018-03-26 14:20:00",52.28,21.96,146.9,1.257
"C2","2018-03-26 14:30:00",37.52,22.35,158.6,1.685
"C2","2018-03-26 14:40:00",47.63,22.31,169.6,1.411
"C2","2018-03-26 14:50:00",44.88,21.95,165.9,1.454
"C2","2018-03-26 15:00:00",44.19,22.33,173.3,1.504
"C2","2018-03-26 15:10:00",47.76,22.34,170.4,1.409
"C2","2018-03-26 15:20:00",49.79,22.21,171.6,1.343
"C2","2018-03-26 15:30:00",43.18,22.12,169.9,1.514
"C2","2018-03-26 15:40:00",45.35,22.27,170.7,1.468
"C2","2018-03-26 15:50:00",48.38,22.35,171,1.394
"C2","2018-03-26 16:00:00",49.03,21.99,170.2,1.346
"C2","2018-03-26 16:10:00",44.43,22.24,170.8,1.49
"C2","2018-03-26 16:20:00",49.77,22.35,171.1,1.357
"C2","2018-03-26 16:30:00",49.95,22.1,170.4,1.329
"C2","2018-03-26 16:40:00",43.19,22.16,169.2,1.517
"C2","2018-03-26 16:50:00",46.91,22.34,169,1.432
"C2","2018-03-26 17:00:00",47.93,22.26,172.7,1.398
"C2","2018-03-26 17:10:00",48.41,22.14,169.3,1.374
"C2","2018-03-26 17:20:00",43.87,22.18,170.4,1.5
"C2","2018-03-26 17:30:00",44.42,22.26,170.7,1.491
"C2","2018-03-26 17:40:00",47.06,22.39,172.2,1.434
"C2","2018-03-26 17:50:00",48.31,22.22,167.7,1.384
"C2","2018-03-26 18:00:00",47.52,22.15,168.8,1.398
"C2","2018-03-26 18:10:00",43.81,22.21,167.7,1.504
"C2","2018-03-26 18:20:00",43.99,22.29,167.7,1.506
"C2","2018-03-26 18:30:00",50.79,22.28,167,1.323
"C2","2018-03-26 18:40:00",44.95,22.09,169.2,1.463
"C2","2018-03-26 18:50:00",40.77,22.3,168.5,1.593
"C2","2018-03-26 19:00:00",48.76,22.29,168.6,1.38
"C2","2018-03-26 19:10:00",46.64,22.08,168.7,1.416
"C2","2018-03-26 19:20:00",39.61,22.33,169,1.628
"C2","2018-03-26 19:30:00",46.98,22.23,167.7,1.422
"C2","2018-03-26 19:40:00",45.41,22.24,171,1.464
"C2","2018-03-26 19:50:00",44.79,22.09,172.4,1.466
"C2","2018-03-26 20:00:00",40.72,22.21,170.7,1.588
"C2","2018-03-26 20:10:00",60.9,21.56,0,1.006
"C2","2018-03-26 20:20:00",62.01,21.83,0,0.993
"C2","2018-03-26 20:30:00",61.86,21.88,0,1.001
"C2","2018-03-26 20:40:00",61.67,21.69,0,0.994
"C2","2018-03-26 20:50:00",62.1,22.03,0,1.004
"C2","2018-03-26 21:00:00",60.99,21.63,0,1.008
"C2","2018-03-26 21:10:00",61.91,21.96,0,1.004
"C2","2018-03-26 21:20:00",61.21,21.66,0,1.004
"C2","2018-03-26 21:30:00",61.85,22.04,0,1.011
"C2","2018-03-26 21:40:00",61.58,21.69,0,0.996
"C2","2018-03-26 21:50:00",62.21,22.02,0,1
"C2","2018-03-26 22:00:00",61.53,21.72,0,0.999
"C2","2018-03-26 22:10:00",61.65,21.92,0,1.009
"C2","2018-03-26 22:20:00",61.37,21.69,0,1.002
"C2","2018-03-26 22:30:00",61.82,21.91,0,1.003
"C2","2018-03-26 22:40:00",61.43,21.86,0,1.011
"C2","2018-03-26 22:50:00",61.53,21.86,0,1.008
"C2","2018-03-26 23:00:00",61.91,21.76,0,0.992
"C2","2018-03-26 23:10:00",61.96,21.96,0,1.003
"C2","2018-03-26 23:20:00",61.33,21.7,0,1.004
"C2","2018-03-26 23:30:00",61.68,22.01,0,1.013
"C2","2018-03-26 23:40:00",61.48,21.65,0,0.996
"C2","2018-03-26 23:50:00",61.91,22.02,0,1.008
"C2","2018-03-27 00:00:00",61.05,21.68,0,1.009
