"idChambre","date","humidite","rayonnement","temperature","vpd"
"C2","2019-02-25 00:00:00",68.34,190.8,22.06,0.84
"C2","2019-02-25 00:10:00",67.22,192.3,22.06,0.869
"C2","2019-02-25 00:20:00",67.06,188.9,22.06,0.874
"C2","2019-02-25 00:30:00",66.95,190.3,22.03,0.875
"C2","2019-02-25 00:40:00",68.05,191.9,22.04,0.847
"C2","2019-02-25 00:50:00",66.09,191,22.13,0.903
"C2","2019-02-25 01:00:00",66.74,189.9,22.08,0.884
"C2","2019-02-25 01:10:00",67.4,190,21.98,0.861
"C2","2019-02-25 01:20:00",67.11,189,22.06,0.873
"C2","2019-02-25 01:30:00",66.37,187.2,22.12,0.895
"C2","2019-02-25 01:40:00",66.77,193,22.04,0.881
"C2","2019-02-25 01:50:00",67.21,191.2,22,0.867
"C2","2019-02-25 02:00:00",67.72,194.9,22.05,0.856
"C2","2019-02-25 02:10:00",67.98,193.4,22.11,0.852
"C2","2019-02-25 02:20:00",67.55,191.9,22.06,0.861
"C2","2019-02-25 02:30:00",66.39,192.6,22.1,0.894
"C2","2019-02-25 02:40:00",67,194.8,21.96,0.87
"C2","2019-02-25 02:50:00",67.46,193.3,22.04,0.862
"C2","2019-02-25 03:00:00",67.73,190.2,22.07,0.857
"C2","2019-02-25 03:10:00",66.56,190.8,22.06,0.887
"C2","2019-02-25 03:20:00",67.2,193.5,21.98,0.866
"C2","2019-02-25 03:30:00",67.8,195.3,22.07,0.855
"C2","2019-02-25 03:40:00",67.21,188.1,22.06,0.87
"C2","2019-02-25 03:50:00",67.16,193.9,22.03,0.87
"C2","2019-02-25 04:00:00",67.4,194,22.04,0.864
"C2","2019-02-25 04:10:00",67.65,188.3,22.04,0.857
"C2","2019-02-25 04:20:00",68.17,192.1,22.06,0.845
"C2","2019-02-25 04:30:00",67.01,193.6,22.07,0.876
"C2","2019-02-25 04:40:00",67.19,190.1,21.96,0.865
"C2","2019-02-25 04:50:00",67.66,187.4,21.96,0.853
"C2","2019-02-25 05:00:00",68.22,188.6,22.05,0.843
"C2","2019-02-25 05:10:00",66.21,187.2,22.17,0.902
"C2","2019-02-25 05:20:00",66.02,190.4,22.17,0.907
"C2","2019-02-25 05:30:00",67.04,186.7,21.99,0.871
"C2","2019-02-25 05:40:00",67.38,187.9,22,0.862
"C2","2019-02-25 05:50:00",67.99,187.7,21.95,0.844
"C2","2019-02-25 06:00:00",67.43,191,22.11,0.866
"C2","2019-02-25 06:10:00",69.23,0,21.57,0.793
"C2","2019-02-25 06:20:00",69.57,0,21.84,0.796
"C2","2019-02-25 06:30:00",66.91,0,21.81,0.865
"C2","2019-02-25 06:40:00",64.47,0,21.82,0.928
"C2","2019-02-25 06:50:00",64.46,0,21.79,0.927
"C2","2019-02-25 07:00:00",64.51,0,21.81,0.927
"C2","2019-02-25 07:10:00",64.43,0,21.79,0.928
"C2","2019-02-25 07:20:00",64.29,0.069,21.81,0.933
"C2","2019-02-25 07:30:00",64.46,0,21.83,0.929
"C2","2019-02-25 07:40:00",64.48,0,21.79,0.927
"C2","2019-02-25 07:50:00",64.55,0,21.81,0.926
"C2","2019-02-25 08:00:00",64.92,0,21.61,0.905
"C2","2019-02-25 08:10:00",65.02,0,22.02,0.926
"C2","2019-02-25 08:20:00",64.43,0,21.82,0.93
"C2","2019-02-25 08:30:00",64.96,0,21.8,0.915
"C2","2019-02-25 08:40:00",64.87,0,21.82,0.918
"C2","2019-02-25 08:50:00",64.59,0,21.82,0.926
"C2","2019-02-25 09:00:00",64.72,0,21.84,0.923
"C2","2019-02-25 09:10:00",64.93,0,21.86,0.919
"C2","2019-02-25 09:20:00",64.63,0,21.87,0.927
"C2","2019-02-25 09:30:00",64.68,0,21.84,0.925
"C2","2019-02-25 09:40:00",64.63,0,21.86,0.927
"C2","2019-02-25 09:50:00",64.97,0,21.85,0.917
"C2","2019-02-25 10:00:00",65.18,0,21.87,0.913
"C2","2019-02-25 10:10:00",64.94,0,21.87,0.92
"C2","2019-02-25 10:20:00",64.87,0,21.86,0.921
"C2","2019-02-25 10:30:00",64.89,0,21.89,0.921
"C2","2019-02-25 10:40:00",65.79,0,21.85,0.896
"C2","2019-02-25 10:50:00",65.23,0,21.86,0.911
"C2","2019-02-25 11:00:00",64.92,0,21.87,0.92
"C2","2019-02-25 11:10:00",64.74,0,21.85,0.923
"C2","2019-02-25 11:20:00",64.6,0,21.88,0.929
"C2","2019-02-25 11:30:00",64.67,0,21.85,0.926
"C2","2019-02-25 11:40:00",64.95,0,21.86,0.918
"C2","2019-02-25 11:50:00",64.98,0,21.89,0.919
"C2","2019-02-25 12:00:00",65.03,0,21.87,0.917
"C2","2019-02-25 12:10:00",64.63,0,21.9,0.929
"C2","2019-02-25 12:20:00",64.43,0,21.89,0.933
"C2","2019-02-25 12:30:00",64.5,0,21.89,0.932
"C2","2019-02-25 12:40:00",65.39,0,21.92,0.91
"C2","2019-02-25 12:50:00",65.1,0,21.9,0.917
"C2","2019-02-25 13:00:00",65.02,0,21.87,0.917
"C2","2019-02-25 13:10:00",64.84,0,21.87,0.922
"C2","2019-02-25 13:20:00",65.11,0,21.9,0.916
"C2","2019-02-25 13:30:00",65.23,0,21.94,0.916
"C2","2019-02-25 13:40:00",64.96,0,21.94,0.922
"C2","2019-02-25 13:50:00",65.17,0,21.92,0.916
"C2","2019-02-25 14:00:00",64.96,0,21.96,0.923
"C2","2019-02-25 14:10:00",64.97,0,21.96,0.923
"C2","2019-02-25 14:20:00",65.2,0,21.95,0.917
"C2","2019-02-25 14:30:00",64.85,0,22,0.929
"C2","2019-02-25 14:40:00",65.14,0,22.09,0.926
"C2","2019-02-25 14:50:00",65.85,0,22.11,0.908
"C2","2019-02-25 15:00:00",65.48,0,22.05,0.915
"C2","2019-02-25 15:10:00",65.09,0,22.03,0.925
"C2","2019-02-25 15:20:00",65.27,0,22.03,0.919
"C2","2019-02-25 15:30:00",65.1,0,22.09,0.927
"C2","2019-02-25 15:40:00",65.04,0,22.11,0.93
"C2","2019-02-25 15:50:00",65.67,0,22.09,0.912
"C2","2019-02-25 16:00:00",65.5,0,22.06,0.915
"C2","2019-02-25 16:10:00",65.19,0,22.05,0.923
"C2","2019-02-25 16:20:00",65.45,0,22.06,0.917
"C2","2019-02-25 16:30:00",65.33,0,22.08,0.921
"C2","2019-02-25 16:40:00",65.27,0,22.1,0.923
"C2","2019-02-25 16:50:00",65.4,0,22.01,0.915
"C2","2019-02-25 17:00:00",65.45,0,22.04,0.915
"C2","2019-02-25 17:10:00",65.23,0,22.05,0.922
"C2","2019-02-25 17:20:00",65.25,0,22.04,0.921
"C2","2019-02-25 17:30:00",65.27,0,21.99,0.917
"C2","2019-02-25 17:40:00",65.37,0,22.01,0.916
"C2","2019-02-25 17:50:00",65.38,0,22.03,0.916
"C2","2019-02-25 18:00:00",65.6,0,21.99,0.909
"C2","2019-02-25 18:10:00",66.7,123.7,22.07,0.884
"C2","2019-02-25 18:20:00",68.27,143.9,22.12,0.845
"C2","2019-02-25 18:30:00",66.04,154.4,22.15,0.906
"C2","2019-02-25 18:40:00",68.61,169.5,22.13,0.836
"C2","2019-02-25 18:50:00",66.49,174.3,22.16,0.894
"C2","2019-02-25 19:00:00",67.58,173,22.09,0.862
"C2","2019-02-25 19:10:00",66.93,165.7,22.13,0.881
"C2","2019-02-25 19:20:00",67.48,156.4,22.07,0.863
"C2","2019-02-25 19:30:00",67.55,154.2,22.13,0.865
"C2","2019-02-25 19:40:00",67.42,168.8,22.12,0.868
"C2","2019-02-25 19:50:00",68.32,172.6,22.03,0.839
"C2","2019-02-25 20:00:00",68.69,184.8,22.11,0.833
"C2","2019-02-25 20:10:00",68,191.7,22.12,0.852
"C2","2019-02-25 20:20:00",66.84,193.2,22.13,0.884
"C2","2019-02-25 20:30:00",67.76,193.1,22.06,0.855
"C2","2019-02-25 20:40:00",68.15,195.1,22.05,0.844
"C2","2019-02-25 20:50:00",67.55,193.8,22.17,0.867
"C2","2019-02-25 21:00:00",66.97,195.9,22.05,0.876
"C2","2019-02-25 21:10:00",67.63,192.3,22.05,0.858
"C2","2019-02-25 21:20:00",67.93,195.7,22.09,0.852
"C2","2019-02-25 21:30:00",66.93,192.2,22.06,0.877
"C2","2019-02-25 21:40:00",68.15,193.4,22,0.842
"C2","2019-02-25 21:50:00",67.59,190.9,22.08,0.86
"C2","2019-02-25 22:00:00",66.46,189.7,22.14,0.894
"C2","2019-02-25 22:10:00",68.26,187.3,22.01,0.84
"C2","2019-02-25 22:20:00",68.21,190.6,22.09,0.845
"C2","2019-02-25 22:30:00",67.4,193.6,22.09,0.866
"C2","2019-02-25 22:40:00",66.71,186.7,22.06,0.883
"C2","2019-02-25 22:50:00",67.88,185.6,22.02,0.85
"C2","2019-02-25 23:00:00",68.32,184.7,22.02,0.838
"C2","2019-02-25 23:10:00",66.84,186.4,22.08,0.881
"C2","2019-02-25 23:20:00",67.63,190.5,22.04,0.858
"C2","2019-02-25 23:30:00",67.51,187,22.01,0.86
"C2","2019-02-25 23:40:00",67.3,187.3,22.05,0.867
"C2","2019-02-25 23:50:00",67.59,155.7,22.04,0.859
"C2","2019-02-26 00:00:00",66.97,145.5,22.18,0.883
"C2","2019-02-26 00:10:00",67.78,165.4,22.05,0.854
"C2","2019-02-26 00:20:00",67.75,152.9,21.98,0.852
"C2","2019-02-26 00:30:00",66.95,160.3,22.15,0.882
"C2","2019-02-26 00:40:00",67.97,182.2,22.1,0.852
"C2","2019-02-26 00:50:00",67.78,187.8,22.13,0.858
"C2","2019-02-26 01:00:00",67.9,185.5,22.09,0.853
"C2","2019-02-26 01:10:00",66.41,187.1,22.01,0.888
"C2","2019-02-26 01:20:00",68.32,188.8,21.98,0.836
"C2","2019-02-26 01:30:00",68.28,190.3,22.11,0.844
"C2","2019-02-26 01:40:00",68.26,187.2,22.08,0.843
"C2","2019-02-26 01:50:00",66.99,190.3,22.06,0.876
"C2","2019-02-26 02:00:00",67.96,192.3,22.03,0.848
"C2","2019-02-26 02:10:00",67.68,189.7,22.11,0.86
"C2","2019-02-26 02:20:00",66.54,188.7,22.05,0.887
"C2","2019-02-26 02:30:00",68.52,188.4,22.06,0.835
"C2","2019-02-26 02:40:00",65.69,187.1,22.12,0.914
"C2","2019-02-26 02:50:00",67.9,189.4,22.06,0.852
"C2","2019-02-26 03:00:00",67.13,189,22.14,0.877
"C2","2019-02-26 03:10:00",66.71,186.4,22.01,0.88
"C2","2019-02-26 03:20:00",67.84,192.7,22.01,0.851
"C2","2019-02-26 03:30:00",68.39,191.1,22.05,0.838
"C2","2019-02-26 03:40:00",67.37,193.9,22.07,0.866
"C2","2019-02-26 03:50:00",66.86,189.9,22,0.876
"C2","2019-02-26 04:00:00",67.96,189.2,21.99,0.846
"C2","2019-02-26 04:10:00",67.89,186.8,22.05,0.851
"C2","2019-02-26 04:20:00",66.49,187.8,22.17,0.895
"C2","2019-02-26 04:30:00",66.98,188.8,22.02,0.874
"C2","2019-02-26 04:40:00",67.72,186.2,22.07,0.857
"C2","2019-02-26 04:50:00",67.9,188,22.07,0.852
"C2","2019-02-26 05:00:00",66.83,189.2,22.06,0.88
"C2","2019-02-26 05:10:00",67.54,185.8,22.03,0.859
"C2","2019-02-26 05:20:00",67.99,184.7,22.02,0.847
"C2","2019-02-26 05:30:00",67.52,184.9,22.03,0.86
"C2","2019-02-26 05:40:00",67.76,188.5,22.04,0.854
"C2","2019-02-26 05:50:00",66.99,186.6,22.05,0.875
"C2","2019-02-26 06:00:00",67.3,185.3,21.99,0.864
"C2","2019-02-26 06:10:00",71.1,0,21.77,0.754
"C2","2019-02-26 06:20:00",69.36,0,21.81,0.801
"C2","2019-02-26 06:30:00",66.2,0,21.83,0.884
"C2","2019-02-26 06:40:00",65.34,0,21.82,0.906
"C2","2019-02-26 06:50:00",64.39,0,21.8,0.93
"C2","2019-02-26 07:00:00",64.77,0,21.82,0.921
"C2","2019-02-26 07:10:00",64.57,0,21.81,0.926
"C2","2019-02-26 07:20:00",64.79,0,21.81,0.92
"C2","2019-02-26 07:30:00",64.49,0,21.81,0.928
"C2","2019-02-26 07:40:00",64.71,0,21.81,0.922
"C2","2019-02-26 07:50:00",64.3,0,21.83,0.934
"C2","2019-02-26 08:00:00",64.67,0,21.82,0.924
"C2","2019-02-26 08:10:00",64.41,0,21.85,0.932
"C2","2019-02-26 08:20:00",64.54,0,21.83,0.927
"C2","2019-02-26 08:30:00",64.65,0,21.81,0.924
"C2","2019-02-26 08:40:00",64.81,0,21.91,0.925
"C2","2019-02-26 08:50:00",64.75,0,21.82,0.922
"C2","2019-02-26 09:00:00",64.4,0,21.82,0.931
"C2","2019-02-26 09:10:00",64.45,0,21.83,0.93
"C2","2019-02-26 09:20:00",64.62,0,21.85,0.927
"C2","2019-02-26 09:30:00",64.18,0,21.84,0.938
"C2","2019-02-26 09:40:00",64.69,0,21.84,0.924
"C2","2019-02-26 09:50:00",64.87,0,21.87,0.921
"C2","2019-02-26 10:00:00",64.91,0,21.86,0.919
"C2","2019-02-26 10:10:00",65.02,0,21.84,0.916
"C2","2019-02-26 10:20:00",65.25,0,21.87,0.911
"C2","2019-02-26 10:30:00",64.9,0,21.94,0.924
"C2","2019-02-26 10:40:00",64.94,0,21.86,0.919
"C2","2019-02-26 10:50:00",64.32,0,21.86,0.935
"C2","2019-02-26 11:00:00",64.69,0,21.84,0.924
"C2","2019-02-26 11:10:00",64.18,0,21.85,0.938
"C2","2019-02-26 11:20:00",64.24,0,21.85,0.937
"C2","2019-02-26 11:30:00",64.74,0,21.85,0.923
"C2","2019-02-26 11:40:00",64.68,0,21.83,0.924
"C2","2019-02-26 11:50:00",64.59,0,21.85,0.927
"C2","2019-02-26 12:00:00",64.7,0,21.81,0.922
"C2","2019-02-26 12:10:00",64.75,0,21.88,0.925
"C2","2019-02-26 12:20:00",64.73,0,21.83,0.922
"C2","2019-02-26 12:30:00",64.79,0,21.9,0.925
"C2","2019-02-26 12:40:00",64.99,0,21.83,0.916
"C2","2019-02-26 12:50:00",64.86,0,21.83,0.919
"C2","2019-02-26 13:00:00",64.91,0.069,21.87,0.92
"C2","2019-02-26 13:10:00",64.92,0,21.86,0.919
"C2","2019-02-26 13:20:00",64.65,0,21.86,0.926
"C2","2019-02-26 13:30:00",64.32,0,21.91,0.938
"C2","2019-02-26 13:40:00",64.85,0,21.89,0.923
"C2","2019-02-26 13:50:00",64.51,0,21.9,0.932
"C2","2019-02-26 14:00:00",64.37,0,21.9,0.936
"C2","2019-02-26 14:10:00",65,0,21.89,0.919
"C2","2019-02-26 14:20:00",64.3,0,21.95,0.941
"C2","2019-02-26 14:30:00",64.83,0,21.96,0.927
"C2","2019-02-26 14:40:00",64.9,0,21.96,0.925
"C2","2019-02-26 14:50:00",64.98,0,21.94,0.922
"C2","2019-02-26 15:00:00",64.96,0,21.94,0.922
"C2","2019-02-26 15:10:00",65.27,0,21.94,0.915
"C2","2019-02-26 15:20:00",64.88,0,21.95,0.926
"C2","2019-02-26 15:30:00",64.55,0,21.95,0.934
"C2","2019-02-26 15:40:00",64.78,0,21.94,0.927
"C2","2019-02-26 15:50:00",64.93,0,21.97,0.925
"C2","2019-02-26 16:00:00",64.65,0,21.94,0.931
"C2","2019-02-26 16:10:00",64.92,0,21.91,0.922
"C2","2019-02-26 16:20:00",65.06,0,21.9,0.918
"C2","2019-02-26 16:30:00",64.59,0,21.91,0.931
"C2","2019-02-26 16:40:00",65.11,0,21.91,0.917
"C2","2019-02-26 16:50:00",64.63,0.069,21.92,0.93
"C2","2019-02-26 17:00:00",64.52,0,21.91,0.933
"C2","2019-02-26 17:10:00",64.99,0,21.89,0.919
"C2","2019-02-26 17:20:00",64.7,0,21.86,0.925
"C2","2019-02-26 17:30:00",64.7,0,21.87,0.926
"C2","2019-02-26 17:40:00",64.82,0,21.91,0.924
"C2","2019-02-26 17:50:00",64.73,0,21.92,0.928
"C2","2019-02-26 18:00:00",64.74,0.069,21.88,0.925
"C2","2019-02-26 18:10:00",66.26,134.9,22.03,0.894
"C2","2019-02-26 18:20:00",68.68,143.1,22.12,0.834
"C2","2019-02-26 18:30:00",66.48,167.5,22.15,0.894
"C2","2019-02-26 18:40:00",67.59,173.9,22.11,0.862
"C2","2019-02-26 18:50:00",67.15,176.6,22.14,0.876
"C2","2019-02-26 19:00:00",67.35,168.3,22.06,0.866
"C2","2019-02-26 19:10:00",67.23,163.4,22.03,0.868
"C2","2019-02-26 19:20:00",67.33,155.7,22.11,0.87
"C2","2019-02-26 19:30:00",66.93,156,22.06,0.877
"C2","2019-02-26 19:40:00",66.06,174.5,22.14,0.905
"C2","2019-02-26 19:50:00",66.81,181.7,22.15,0.885
"C2","2019-02-26 20:00:00",66.82,186.9,22.14,0.884
"C2","2019-02-26 20:10:00",66.07,188,22.08,0.901
"C2","2019-02-26 20:20:00",68.41,188.7,22.08,0.839
"C2","2019-02-26 20:30:00",66.81,187.4,22.12,0.884
"C2","2019-02-26 20:40:00",67.85,190.3,22.03,0.852
"C2","2019-02-26 20:50:00",68.19,188.9,22.06,0.844
"C2","2019-02-26 21:00:00",68.27,193.1,22.09,0.843
"C2","2019-02-26 21:10:00",67.35,192.5,22.11,0.869
"C2","2019-02-26 21:20:00",67.46,193.6,22.04,0.862
"C2","2019-02-26 21:30:00",67.84,190.3,22.07,0.853
"C2","2019-02-26 21:40:00",66.01,186.9,22.13,0.905
"C2","2019-02-26 21:50:00",67.32,187.2,21.99,0.863
"C2","2019-02-26 22:00:00",67.98,192.8,22.04,0.849
"C2","2019-02-26 22:10:00",68.4,191.7,22.07,0.839
"C2","2019-02-26 22:20:00",67.47,194.8,22.09,0.864
"C2","2019-02-26 22:30:00",67.13,189.4,22.02,0.87
"C2","2019-02-26 22:40:00",67.85,157.6,22.03,0.851
"C2","2019-02-26 22:50:00",68.14,166,22.1,0.847
"C2","2019-02-26 23:00:00",67.15,180.3,22.12,0.875
"C2","2019-02-26 23:10:00",67.61,189.9,22.08,0.86
"C2","2019-02-26 23:20:00",67.34,192.7,22.03,0.865
"C2","2019-02-26 23:30:00",67.76,188.4,22.03,0.853
"C2","2019-02-26 23:40:00",67.52,190.1,22.07,0.862
"C2","2019-02-26 23:50:00",66.84,190.6,22.07,0.881
"C2","2019-02-27 00:00:00",67.41,190.9,21.96,0.859
"C2","2019-02-27 00:10:00",68.29,190.1,22.02,0.839
"C2","2019-02-27 00:20:00",68.14,192.1,22.05,0.844
"C2","2019-02-27 00:30:00",68.34,193.4,22.06,0.84
"C2","2019-02-27 00:40:00",66.52,192.2,22.03,0.887
"C2","2019-02-27 00:50:00",67.9,194.5,22.02,0.849
"C2","2019-02-27 01:00:00",68.33,192.1,22.08,0.841
"C2","2019-02-27 01:10:00",67.16,192.9,22.05,0.871
"C2","2019-02-27 01:20:00",66.19,194.8,22.03,0.896
"C2","2019-02-27 01:30:00",68.08,192.5,22.12,0.85
"C2","2019-02-27 01:40:00",66.8,196.1,22.07,0.881
"C2","2019-02-27 01:50:00",67.45,197.7,22,0.861
"C2","2019-02-27 02:00:00",67.76,189.9,22.05,0.855
"C2","2019-02-27 02:10:00",67.85,189.6,22.03,0.851
"C2","2019-02-27 02:20:00",66.83,192.5,22.03,0.879
"C2","2019-02-27 02:30:00",67.53,188.3,22,0.858
"C2","2019-02-27 02:40:00",68.18,189,22.06,0.844
"C2","2019-02-27 02:50:00",67.8,188.5,22.04,0.853
"C2","2019-02-27 03:00:00",66.68,188.1,22.08,0.885
"C2","2019-02-27 03:10:00",67.32,189,21.99,0.863
"C2","2019-02-27 03:20:00",67.48,187.9,22.07,0.863
"C2","2019-02-27 03:30:00",66.43,186.3,22.06,0.89
"C2","2019-02-27 03:40:00",67.69,190.9,21.99,0.854
"C2","2019-02-27 03:50:00",68.31,189.5,21.98,0.837
"C2","2019-02-27 04:00:00",67.37,186.8,22.15,0.87
"C2","2019-02-27 04:10:00",66.37,186.8,22,0.889
"C2","2019-02-27 04:20:00",67.52,186.7,22.01,0.859
"C2","2019-02-27 04:30:00",67.73,187.4,21.99,0.853
"C2","2019-02-27 04:40:00",67.95,181.5,22.05,0.85
"C2","2019-02-27 04:50:00",67.63,186.5,22.04,0.858
"C2","2019-02-27 05:00:00",66.69,185.5,22.1,0.886
"C2","2019-02-27 05:10:00",67.62,184.9,22.03,0.857
"C2","2019-02-27 05:20:00",66.8,190.3,22.03,0.879
"C2","2019-02-27 05:30:00",66.71,188.1,21.95,0.877
"C2","2019-02-27 05:40:00",67.34,188.2,22,0.864
"C2","2019-02-27 05:50:00",67.53,188.1,22.03,0.86
"C2","2019-02-27 06:00:00",68.03,183.8,22.05,0.847
"C2","2019-02-27 06:10:00",69.59,0.069,21.51,0.781
"C2","2019-02-27 06:20:00",70.3,0,21.85,0.779
"C2","2019-02-27 06:30:00",67.72,0,21.82,0.844
"C2","2019-02-27 06:40:00",65.2,0,21.8,0.908
"C2","2019-02-27 06:50:00",64.52,0,21.8,0.926
"C2","2019-02-27 07:00:00",64.41,0,21.8,0.929
"C2","2019-02-27 07:10:00",64.5,0,21.79,0.926
"C2","2019-02-27 07:20:00",64.41,0,21.8,0.929
"C2","2019-02-27 07:30:00",64.5,0,21.82,0.928
"C2","2019-02-27 07:40:00",64.39,0,21.81,0.93
"C2","2019-02-27 07:50:00",64.47,0,21.82,0.929
"C2","2019-02-27 08:00:00",64.75,0,21.81,0.921
"C2","2019-02-27 08:10:00",64.72,0,21.81,0.922
"C2","2019-02-27 08:20:00",64.95,0,21.71,0.91
"C2","2019-02-27 08:30:00",64.8,0,22.02,0.931
"C2","2019-02-27 08:40:00",64.93,0,21.89,0.921
"C2","2019-02-27 08:50:00",64.57,0,21.83,0.927
"C2","2019-02-27 09:00:00",64.94,0.069,21.82,0.917
"C2","2019-02-27 09:10:00",64.57,0,21.86,0.928
"C2","2019-02-27 09:20:00",64.68,0,21.8,0.922
"C2","2019-02-27 09:30:00",64.63,0,21.86,0.927
"C2","2019-02-27 09:40:00",64.81,0.069,21.85,0.922
"C2","2019-02-27 09:50:00",64.66,0,21.87,0.927
"C2","2019-02-27 10:00:00",64.56,0,21.85,0.928
"C2","2019-02-27 10:10:00",64.87,0,21.88,0.922
"C2","2019-02-27 10:20:00",64.73,0,21.84,0.923
"C2","2019-02-27 10:30:00",64.88,0,21.85,0.92
"C2","2019-02-27 10:40:00",64.89,0,21.9,0.922
"C2","2019-02-27 10:50:00",64.88,0,21.86,0.92
"C2","2019-02-27 11:00:00",64.84,0,21.87,0.922
"C2","2019-02-27 11:10:00",64.28,0,21.84,0.935
"C2","2019-02-27 11:20:00",64.62,0,21.85,0.926
"C2","2019-02-27 11:30:00",64.22,0,21.85,0.937
"C2","2019-02-27 11:40:00",64.08,0,21.85,0.94
"C2","2019-02-27 11:50:00",64.79,0,21.85,0.922
"C2","2019-02-27 12:00:00",64.55,0,21.87,0.929
"C2","2019-02-27 12:10:00",64.5,0,21.91,0.933
"C2","2019-02-27 12:20:00",64.47,0,21.89,0.933
"C2","2019-02-27 12:30:00",64.84,0,21.88,0.922
"C2","2019-02-27 12:40:00",64.46,0,21.87,0.932
"C2","2019-02-27 12:50:00",64.5,0,21.92,0.934
"C2","2019-02-27 13:00:00",64.42,0,21.86,0.932
"C2","2019-02-27 13:10:00",64.51,0,21.89,0.932
"C2","2019-02-27 13:20:00",64.93,0,21.9,0.921
"C2","2019-02-27 13:30:00",64.79,0,21.87,0.923
"C2","2019-02-27 13:40:00",64.76,0,21.87,0.924
"C2","2019-02-27 13:50:00",64.52,0,21.86,0.93
"C2","2019-02-27 14:00:00",64.71,0,21.89,0.926
"C2","2019-02-27 14:10:00",64.86,0,21.9,0.923
"C2","2019-02-27 14:20:00",64.57,0,21.93,0.932
"C2","2019-02-27 14:30:00",64.97,0,21.94,0.923
"C2","2019-02-27 14:40:00",64.93,0,21.94,0.924
"C2","2019-02-27 14:50:00",64.74,0,21.92,0.927
"C2","2019-02-27 15:00:00",64.92,0,21.92,0.923
"C2","2019-02-27 15:10:00",64.77,0,21.93,0.927
"C2","2019-02-27 15:20:00",65.04,0,21.89,0.918
"C2","2019-02-27 15:30:00",64.85,0,21.95,0.926
"C2","2019-02-27 15:40:00",64.71,0,21.97,0.931
"C2","2019-02-27 15:50:00",64.56,0,21.94,0.933
"C2","2019-02-27 16:00:00",64.64,0,21.89,0.928
"C2","2019-02-27 16:10:00",64.72,0,21.89,0.927
"C2","2019-02-27 16:20:00",64.73,0,21.86,0.924
"C2","2019-02-27 16:30:00",64.55,0,21.86,0.929
"C2","2019-02-27 16:40:00",64.9,0,21.88,0.921
"C2","2019-02-27 16:50:00",64.87,0,21.88,0.922
"C2","2019-02-27 17:00:00",64.73,0,21.87,0.925
"C2","2019-02-27 17:10:00",65.01,0,21.87,0.918
"C2","2019-02-27 17:20:00",64.7,0,21.84,0.924
"C2","2019-02-27 17:30:00",64.59,0.069,21.9,0.93
"C2","2019-02-27 17:40:00",64.76,0,21.86,0.923
"C2","2019-02-27 17:50:00",64.59,0,21.85,0.927
"C2","2019-02-27 18:00:00",64.85,0,21.84,0.92
"C2","2019-02-27 18:10:00",65.65,172.9,22.09,0.913
"C2","2019-02-27 18:20:00",68.6,197.6,22.14,0.837
"C2","2019-02-27 18:30:00",66.88,193.5,22.12,0.882
"C2","2019-02-27 18:40:00",67.78,189.9,22.03,0.853
"C2","2019-02-27 18:50:00",66.28,197.1,22.17,0.901
"C2","2019-02-27 19:00:00",67.17,196.1,22.07,0.871
"C2","2019-02-27 19:10:00",68,188.3,22.07,0.85
"C2","2019-02-27 19:20:00",66.56,190.8,22.1,0.89
"C2","2019-02-27 19:30:00",67.91,187.4,22.03,0.85
"C2","2019-02-27 19:40:00",67.68,188.6,22.06,0.858
"C2","2019-02-27 19:50:00",67.65,189.1,22.12,0.862
"C2","2019-02-27 20:00:00",66.37,182.5,22.04,0.891
"C2","2019-02-27 20:10:00",68.31,187.2,22.07,0.841
"C2","2019-02-27 20:20:00",66.14,190.9,22.12,0.901
"C2","2019-02-27 20:30:00",66.95,191,22.02,0.875
"C2","2019-02-27 20:40:00",67.67,196.5,22.03,0.856
"C2","2019-02-27 20:50:00",67.67,192.2,22.07,0.858
"C2","2019-02-27 21:00:00",66.6,190.3,22.06,0.886
"C2","2019-02-27 21:10:00",67.88,192.9,22.05,0.852
"C2","2019-02-27 21:20:00",67.64,195.1,22.09,0.86
"C2","2019-02-27 21:30:00",66.83,197.6,22.07,0.881
"C2","2019-02-27 21:40:00",67.86,192.5,21.98,0.848
"C2","2019-02-27 21:50:00",68.17,189.2,22.02,0.842
"C2","2019-02-27 22:00:00",66.41,190.5,22.1,0.893
"C2","2019-02-27 22:10:00",67.4,193.6,22,0.862
"C2","2019-02-27 22:20:00",68.05,193.2,22.05,0.847
"C2","2019-02-27 22:30:00",68.08,189.4,22.04,0.846
"C2","2019-02-27 22:40:00",67.59,187.7,22.11,0.863
"C2","2019-02-27 22:50:00",67.63,189.7,22.06,0.859
"C2","2019-02-27 23:00:00",67.55,188.1,22.01,0.859
"C2","2019-02-27 23:10:00",67.36,190.8,22,0.863
"C2","2019-02-27 23:20:00",67.47,192.3,22.09,0.865
"C2","2019-02-27 23:30:00",66.37,186.4,22.09,0.894
"C2","2019-02-27 23:40:00",66.76,185.7,22.01,0.879
"C2","2019-02-27 23:50:00",68.02,191.6,22.02,0.847
"C2","2019-02-28 00:00:00",67.43,187.7,22.05,0.863
"C2","2019-02-28 00:10:00",67.49,188.3,22.07,0.864
"C2","2019-02-28 00:20:00",66.77,189.6,22.05,0.881
"C2","2019-02-28 00:30:00",67.3,191,21.95,0.862
"C2","2019-02-28 00:40:00",67.7,189,22.04,0.856
"C2","2019-02-28 00:50:00",67.95,189.5,22.07,0.851
"C2","2019-02-28 01:00:00",66.67,190.3,22.07,0.885
"C2","2019-02-28 01:10:00",67.25,188.1,22.03,0.867
"C2","2019-02-28 01:20:00",67.88,191.3,22.01,0.849
"C2","2019-02-28 01:30:00",67.86,191,22.06,0.853
"C2","2019-02-28 01:40:00",66.66,192.1,22.05,0.884
"C2","2019-02-28 01:50:00",67.33,194.1,22.01,0.864
"C2","2019-02-28 02:00:00",67.35,195,21.99,0.863
"C2","2019-02-28 02:10:00",67.48,187,22.03,0.862
"C2","2019-02-28 02:20:00",67.9,178.4,22.05,0.851
"C2","2019-02-28 02:30:00",65.96,172.6,22.17,0.909
"C2","2019-02-28 02:40:00",67.47,148,21.99,0.859
"C2","2019-02-28 02:50:00",66.16,151.3,22.09,0.899
"C2","2019-02-28 03:00:00",67.82,136.4,22.05,0.853
"C2","2019-02-28 03:10:00",67.11,157.7,22.07,0.873
"C2","2019-02-28 03:20:00",67.19,170.6,22.04,0.869
"C2","2019-02-28 03:30:00",68.18,171.7,22,0.841
"C2","2019-02-28 03:40:00",67.19,173.5,22.11,0.873
"C2","2019-02-28 03:50:00",65.76,161.6,22.06,0.908
"C2","2019-02-28 04:00:00",67.65,154.6,22.05,0.858
"C2","2019-02-28 04:10:00",67.96,142.2,22.03,0.848
"C2","2019-02-28 04:20:00",67.34,146.2,21.99,0.863
"C2","2019-02-28 04:30:00",67.41,150.4,22.03,0.863
"C2","2019-02-28 04:40:00",66.43,165.7,22.08,0.892
"C2","2019-02-28 04:50:00",67.63,166.6,22.05,0.858
"C2","2019-02-28 05:00:00",68.31,177.4,22.08,0.842
"C2","2019-02-28 05:10:00",67.23,176.2,22.1,0.872
"C2","2019-02-28 05:20:00",65.72,187.2,22.05,0.909
"C2","2019-02-28 05:30:00",67.4,188.5,21.97,0.86
"C2","2019-02-28 05:40:00",68.01,187.4,22.02,0.847
"C2","2019-02-28 05:50:00",66.39,189,22.14,0.896
"C2","2019-02-28 06:00:00",67.41,186,21.96,0.86
"C2","2019-02-28 06:10:00",70.3,0,21.82,0.775
"C2","2019-02-28 06:20:00",68.54,0,21.79,0.821
"C2","2019-02-28 06:30:00",65.35,0,21.79,0.904
"C2","2019-02-28 06:40:00",64.79,0,21.79,0.918
"C2","2019-02-28 06:50:00",64.85,0.069,21.81,0.918
"C2","2019-02-28 07:00:00",64.5,0,21.81,0.928
"C2","2019-02-28 07:10:00",64.52,0,21.81,0.927
"C2","2019-02-28 07:20:00",64.37,0,21.82,0.931
"C2","2019-02-28 07:30:00",64.56,0,21.81,0.926
"C2","2019-02-28 07:40:00",64.42,0,21.8,0.929
"C2","2019-02-28 07:50:00",64.57,0,21.81,0.926
"C2","2019-02-28 08:00:00",64.59,0,21.81,0.925
"C2","2019-02-28 08:10:00",64.46,0,21.79,0.927
"C2","2019-02-28 08:20:00",64.17,0,21.71,0.931
"C2","2019-02-28 08:30:00",65.07,0,21.96,0.921
"C2","2019-02-28 08:40:00",64.66,0,21.8,0.923
"C2","2019-02-28 08:50:00",64.6,0,21.88,0.929
"C2","2019-02-28 09:00:00",64.74,0,21.82,0.922
"C2","2019-02-28 09:10:00",64.66,0,21.84,0.925
"C2","2019-02-28 09:20:00",64.9,0,22.02,0.929
"C2","2019-02-28 09:30:00",64.11,0,21.85,0.94
"C2","2019-02-28 09:40:00",65.01,0,22.05,0.928
"C2","2019-02-28 09:50:00",64.46,0,21.81,0.928
"C2","2019-02-28 10:00:00",65.63,0,21.78,0.897
"C2","2019-02-28 10:10:00",66.05,0,21.9,0.892
"C2","2019-02-28 10:20:00",64.49,0,21.89,0.932
"C2","2019-02-28 10:30:00",64.51,0,22,0.938
"C2","2019-02-28 10:40:00",64.67,0,21.87,0.926
"C2","2019-02-28 10:50:00",64.59,0,21.79,0.923
"C2","2019-02-28 11:00:00",63.97,0,21.76,0.938
"C2","2019-02-28 11:10:00",64.54,0,21.78,0.924
"C2","2019-02-28 11:20:00",64.83,0,21.95,0.927
"C2","2019-02-28 11:30:00",64.46,0,21.9,0.934
"C2","2019-02-28 11:40:00",64.29,0,21.86,0.936
"C2","2019-02-28 11:50:00",64.34,0,21.85,0.934
"C2","2019-02-28 12:00:00",64.45,0,21.88,0.933
"C2","2019-02-28 12:10:00",64.35,0,21.88,0.935
"C2","2019-02-28 12:20:00",64.52,0,21.85,0.929
"C2","2019-02-28 12:30:00",64.44,0,21.88,0.933
"C2","2019-02-28 12:40:00",64.84,0,21.83,0.919
"C2","2019-02-28 12:50:00",64.51,0,21.9,0.932
"C2","2019-02-28 13:00:00",64.36,0,21.85,0.934
"C2","2019-02-28 13:10:00",64.17,0,21.81,0.936
"C2","2019-02-28 13:20:00",64.62,0,21.96,0.933
"C2","2019-02-28 13:30:00",64.21,0,21.85,0.937
"C2","2019-02-28 13:40:00",64.32,0,21.89,0.936
"C2","2019-02-28 13:50:00",64.39,0,21.92,0.937
"C2","2019-02-28 14:00:00",64.27,0,21.82,0.934
"C2","2019-02-28 14:10:00",64.42,0,21.82,0.93
"C2","2019-02-28 14:20:00",64.65,0,21.96,0.932
"C2","2019-02-28 14:30:00",64.44,0,21.83,0.93
"C2","2019-02-28 14:40:00",64.18,0.069,21.84,0.938
"C2","2019-02-28 14:50:00",64.35,0,21.8,0.931
"C2","2019-02-28 15:00:00",64.56,0,21.86,0.929
"C2","2019-02-28 15:10:00",64.24,0.069,21.88,0.938
"C2","2019-02-28 15:20:00",64.39,0,21.76,0.928
"C2","2019-02-28 15:30:00",64.57,0,21.99,0.936
"C2","2019-02-28 15:40:00",64.28,0,21.81,0.933
"C2","2019-02-28 15:50:00",64.26,0,21.81,0.933
"C2","2019-02-28 16:00:00",63.82,0,21.75,0.942
"C2","2019-02-28 16:10:00",64.8,0,21.98,0.929
"C2","2019-02-28 16:20:00",64.79,0,21.86,0.923
"C2","2019-02-28 16:30:00",64.82,0,21.83,0.92
"C2","2019-02-28 16:40:00",64.49,0,21.82,0.928
"C2","2019-02-28 16:50:00",64.24,0,21.85,0.936
"C2","2019-02-28 17:00:00",64.44,0,21.84,0.931
"C2","2019-02-28 17:10:00",64.4,0,21.83,0.931
"C2","2019-02-28 17:20:00",64.38,0.069,21.86,0.933
"C2","2019-02-28 17:30:00",64.5,0,21.82,0.928
"C2","2019-02-28 17:40:00",64.43,0,21.83,0.93
"C2","2019-02-28 17:50:00",64.36,0,21.86,0.934
"C2","2019-02-28 18:00:00",64.54,0,21.85,0.929
"C2","2019-02-28 18:10:00",65.39,135.4,22.11,0.921
"C2","2019-02-28 18:20:00",65.96,168.1,22.15,0.908
"C2","2019-02-28 18:30:00",66.09,161.5,22.1,0.902
"C2","2019-02-28 18:40:00",65.62,183,22.17,0.918
"C2","2019-02-28 18:50:00",66.11,147.5,22.07,0.9
"C2","2019-02-28 19:00:00",66.23,168.5,22.08,0.897
"C2","2019-02-28 19:10:00",66,162.7,22.05,0.902
"C2","2019-02-28 19:20:00",65.82,167.4,22.1,0.909
"C2","2019-02-28 19:30:00",66.35,161.1,22.05,0.892
"C2","2019-02-28 19:40:00",66.97,164.5,22.1,0.878
"C2","2019-02-28 19:50:00",65.83,157.1,22.05,0.906
"C2","2019-02-28 20:00:00",66.43,190.7,22.06,0.89
"C2","2019-02-28 20:10:00",65.37,187.4,22.11,0.922
"C2","2019-02-28 20:20:00",65.74,169.6,22.03,0.907
"C2","2019-02-28 20:30:00",65.55,164.6,22.1,0.916
"C2","2019-02-28 20:40:00",66.84,166.7,22.06,0.879
"C2","2019-02-28 20:50:00",66.07,166.9,22.12,0.904
"C2","2019-02-28 21:00:00",66.51,173,22.05,0.888
"C2","2019-02-28 21:10:00",65.32,168.2,22.13,0.924
"C2","2019-02-28 21:20:00",66.57,165.6,22.1,0.889
"C2","2019-02-28 21:30:00",66.91,154.4,22.02,0.876
"C2","2019-02-28 21:40:00",66.38,169.7,22.13,0.896
"C2","2019-02-28 21:50:00",66.56,158.1,22.08,0.888
"C2","2019-02-28 22:00:00",66.14,177.2,22.07,0.899
"C2","2019-02-28 22:10:00",66.15,183,22.11,0.901
"C2","2019-02-28 22:20:00",65.99,177,22.04,0.901
"C2","2019-02-28 22:30:00",65.83,169.7,22.11,0.909
"C2","2019-02-28 22:40:00",66.74,147.4,22.04,0.881
"C2","2019-02-28 22:50:00",66.74,139.5,22.12,0.886
"C2","2019-02-28 23:00:00",65.31,171.9,22.17,0.926
"C2","2019-02-28 23:10:00",65.51,162.9,22.1,0.917
"C2","2019-02-28 23:20:00",66.68,152.3,21.95,0.878
"C2","2019-02-28 23:30:00",66.06,164.2,22.19,0.908
"C2","2019-02-28 23:40:00",65.63,170.6,22.03,0.911
"C2","2019-02-28 23:50:00",65.21,181.4,22.15,0.928
"C2","2019-03-01 00:00:00",65.94,184.9,22.16,0.909
"C2","2019-03-01 00:10:00",65.27,190,22.06,0.921
"C2","2019-03-01 00:20:00",66.2,169.8,22.01,0.894
"C2","2019-03-01 00:30:00",66.59,167.3,22.12,0.89
"C2","2019-03-01 00:40:00",66.87,163.1,22.13,0.882
"C2","2019-03-01 00:50:00",65.55,159.8,22.15,0.919
"C2","2019-03-01 01:00:00",65.56,166.6,22.07,0.914
"C2","2019-03-01 01:10:00",66.99,165.9,22.04,0.875
"C2","2019-03-01 01:20:00",66.71,158,22.13,0.887
"C2","2019-03-01 01:30:00",65.93,163.3,22.13,0.908
"C2","2019-03-01 01:40:00",65.79,159.8,22.09,0.909
"C2","2019-03-01 01:50:00",67.08,150.7,22.05,0.873
"C2","2019-03-01 02:00:00",66.48,159.7,22.16,0.895
"C2","2019-03-01 02:10:00",65.53,163.9,22.16,0.92
"C2","2019-03-01 02:20:00",64.99,151.3,22.16,0.934
"C2","2019-03-01 02:30:00",65.87,162.6,22.09,0.907
"C2","2019-03-01 02:40:00",66.87,160.9,22.04,0.878
"C2","2019-03-01 02:50:00",66.46,152.4,22.02,0.888
"C2","2019-03-01 03:00:00",66.62,162.2,22.09,0.887
"C2","2019-03-01 03:10:00",66.72,158.9,22.08,0.884
"C2","2019-03-01 03:20:00",67,151.5,22.1,0.878
"C2","2019-03-01 03:30:00",65.79,159.1,22.12,0.911
"C2","2019-03-01 03:40:00",66.15,163.5,22.06,0.898
"C2","2019-03-01 03:50:00",66.01,154,22.07,0.903
"C2","2019-03-01 04:00:00",66.86,165.2,22.06,0.879
"C2","2019-03-01 04:10:00",66.14,161.5,22.06,0.898
"C2","2019-03-01 04:20:00",66.48,148.3,22.04,0.888
"C2","2019-03-01 04:30:00",65.49,159.9,22.17,0.922
"C2","2019-03-01 04:40:00",66.07,160,22.02,0.898
"C2","2019-03-01 04:50:00",66.22,151.4,22.01,0.894
"C2","2019-03-01 05:00:00",66.61,158.8,22.02,0.884
"C2","2019-03-01 05:10:00",66.74,158.3,22.08,0.884
"C2","2019-03-01 05:20:00",65.92,151.9,22.12,0.907
"C2","2019-03-01 05:30:00",65.22,168.8,22.1,0.925
"C2","2019-03-01 05:40:00",66.18,176.1,22.12,0.9
"C2","2019-03-01 05:50:00",64.93,190.3,22.09,0.932
"C2","2019-03-01 06:00:00",64.26,188.8,22.06,0.949
"C2","2019-03-01 06:10:00",66.58,0,21.58,0.861
"C2","2019-03-01 06:20:00",66.13,0,21.81,0.885
"C2","2019-03-01 06:30:00",64.78,0,21.76,0.917
"C2","2019-03-01 06:40:00",65.19,0,21.76,0.907
"C2","2019-03-01 06:50:00",64.73,0,21.93,0.929
"C2","2019-03-01 07:00:00",64.32,0,21.79,0.931
"C2","2019-03-01 07:10:00",64.27,0,21.79,0.932
"C2","2019-03-01 07:20:00",64.42,0,21.83,0.931
"C2","2019-03-01 07:30:00",64.51,0,21.82,0.928
"C2","2019-03-01 07:40:00",64.34,0,21.82,0.932
"C2","2019-03-01 07:50:00",64.55,0,21.82,0.927
"C2","2019-03-01 08:00:00",64.26,0,21.8,0.933
"C2","2019-03-01 08:10:00",64.29,0,21.81,0.933
"C2","2019-03-01 08:20:00",64.51,0,21.82,0.928
"C2","2019-03-01 08:30:00",64.42,0,21.84,0.931
"C2","2019-03-01 08:40:00",64.41,0,21.8,0.929
"C2","2019-03-01 08:50:00",64.49,0,21.83,0.929
"C2","2019-03-01 09:00:00",64.31,0,21.81,0.932
"C2","2019-03-01 09:10:00",64.2,0,21.83,0.936
"C2","2019-03-01 09:20:00",64.59,0,21.82,0.926
"C2","2019-03-01 09:30:00",64.24,0,21.83,0.935
"C2","2019-03-01 09:40:00",64.32,0,21.89,0.936
"C2","2019-03-01 09:50:00",63.83,0,21.83,0.946
"C2","2019-03-01 10:00:00",64.31,0,21.89,0.937
"C2","2019-03-01 10:10:00",64.26,0,21.82,0.934
"C2","2019-03-01 10:20:00",64.35,0,21.86,0.934
"C2","2019-03-01 10:30:00",64.58,0,21.84,0.927
"C2","2019-03-01 10:40:00",64.47,0,21.83,0.929
"C2","2019-03-01 10:50:00",64.37,0,21.87,0.934
"C2","2019-03-01 11:00:00",64.38,0.069,21.82,0.931
"C2","2019-03-01 11:10:00",64.51,0,21.81,0.927
"C2","2019-03-01 11:20:00",64.32,0,21.84,0.934
"C2","2019-03-01 11:30:00",63.96,0,21.85,0.944
"C2","2019-03-01 11:40:00",64.47,0,21.8,0.928
"C2","2019-03-01 11:50:00",64.38,0,21.83,0.931
"C2","2019-03-01 12:00:00",64.56,0,21.82,0.927
"C2","2019-03-01 12:10:00",64.47,0.069,21.84,0.93
"C2","2019-03-01 12:20:00",64.26,0,21.81,0.934
"C2","2019-03-01 12:30:00",64.47,0,21.85,0.93
"C2","2019-03-01 12:40:00",64.48,0,21.84,0.93
"C2","2019-03-01 12:50:00",64.24,0,21.81,0.934
"C2","2019-03-01 13:00:00",64.38,0,21.8,0.93
"C2","2019-03-01 13:10:00",64.68,0,21.82,0.924
"C2","2019-03-01 13:20:00",64.34,0,21.82,0.932
"C2","2019-03-01 13:30:00",64.37,0,21.83,0.932
"C2","2019-03-01 13:40:00",64.21,0,21.85,0.937
"C2","2019-03-01 13:50:00",64.43,0,21.82,0.93
"C2","2019-03-01 14:00:00",64.52,0.069,21.82,0.927
"C2","2019-03-01 14:10:00",64.37,0,21.83,0.932
"C2","2019-03-01 14:20:00",64.42,0,21.85,0.931
"C2","2019-03-01 14:30:00",64.15,0,21.83,0.937
"C2","2019-03-01 14:40:00",64.38,0,21.84,0.932
"C2","2019-03-01 14:50:00",64.34,0,21.83,0.933
"C2","2019-03-01 15:00:00",64.27,0,21.82,0.934
"C2","2019-03-01 15:10:00",64.52,0,21.84,0.928
"C2","2019-03-01 15:20:00",64.4,0,21.83,0.931
"C2","2019-03-01 15:30:00",64.49,0,21.86,0.93
"C2","2019-03-01 15:40:00",64.52,0,21.85,0.929
"C2","2019-03-01 15:50:00",64.24,0,21.84,0.936
"C2","2019-03-01 16:00:00",64.52,0,21.82,0.928
"C2","2019-03-01 16:10:00",64.54,0,21.84,0.928
"C2","2019-03-01 16:20:00",64.52,0,21.83,0.928
"C2","2019-03-01 16:30:00",64.7,0,21.88,0.926
"C2","2019-03-01 16:40:00",64.48,0,21.81,0.928
"C2","2019-03-01 16:50:00",64.43,0,21.85,0.931
"C2","2019-03-01 17:00:00",64.41,0,21.81,0.93
"C2","2019-03-01 17:10:00",64.42,0,21.82,0.93
"C2","2019-03-01 17:20:00",64.55,0.069,21.84,0.928
"C2","2019-03-01 17:30:00",64.48,0,21.81,0.928
"C2","2019-03-01 17:40:00",64.23,0,21.8,0.934
"C2","2019-03-01 17:50:00",63.56,0.069,21.67,0.944
"C2","2019-03-01 18:00:00",63.7,0,21.75,0.945
"C2","2019-03-01 18:10:00",63.45,139.2,21.98,0.965
"C2","2019-03-01 18:20:00",64.09,157.8,22.01,0.95
"C2","2019-03-01 18:30:00",64.22,177,22.1,0.951
"C2","2019-03-01 18:40:00",66.59,151.6,22.1,0.889
"C2","2019-03-01 18:50:00",66.25,169.7,22.05,0.895
"C2","2019-03-01 19:00:00",66.2,161,22.09,0.898
"C2","2019-03-01 19:10:00",65.67,147.8,22.05,0.91
"C2","2019-03-01 19:20:00",63.52,158.5,22.01,0.965
"C2","2019-03-01 19:30:00",63.79,150,22.03,0.959
"C2","2019-03-01 19:40:00",64.75,140.7,21.9,0.926
"C2","2019-03-01 19:50:00",65.16,161.9,22.05,0.924
"C2","2019-03-01 20:00:00",65.9,166.4,22.16,0.91
"C2","2019-03-01 20:10:00",65.54,177,22.06,0.914
"C2","2019-03-01 20:20:00",65.45,188.3,22.09,0.918
"C2","2019-03-01 20:30:00",65.19,187.1,22.03,0.922
"C2","2019-03-01 20:40:00",66.11,153.9,22.08,0.901
"C2","2019-03-01 20:50:00",66.85,164,22.03,0.878
"C2","2019-03-01 21:00:00",66.09,163.1,22.12,0.903
"C2","2019-03-01 21:10:00",65.61,150.2,22.1,0.915
"C2","2019-03-01 21:20:00",66.41,164.4,22.07,0.891
"C2","2019-03-01 21:30:00",65.61,157.6,22.07,0.913
"C2","2019-03-01 21:40:00",66.63,148.6,22.06,0.885
"C2","2019-03-01 21:50:00",66.75,160.8,22.09,0.884
"C2","2019-03-01 22:00:00",66.33,159.7,22.07,0.894
"C2","2019-03-01 22:10:00",66.32,155.9,22.1,0.896
"C2","2019-03-01 22:20:00",66.19,169.9,22.07,0.897
"C2","2019-03-01 22:30:00",66.15,162.4,22.03,0.897
"C2","2019-03-01 22:40:00",66.19,148,22.06,0.897
"C2","2019-03-01 22:50:00",65.62,166.8,22.08,0.913
"C2","2019-03-01 23:00:00",66.83,163.1,22.05,0.879
"C2","2019-03-01 23:10:00",66.43,154,22.06,0.89
"C2","2019-03-01 23:20:00",66.47,166.4,22.08,0.89
"C2","2019-03-01 23:30:00",66.2,164,22.12,0.9
"C2","2019-03-01 23:40:00",65.75,153.3,22.08,0.91
"C2","2019-03-01 23:50:00",65.74,170.1,22.04,0.908
"C2","2019-03-02 00:00:00",65.73,159.1,22.11,0.912
"C2","2019-03-02 00:10:00",66.62,151.8,22.12,0.888
"C2","2019-03-02 00:20:00",66.86,167,22.03,0.877
"C2","2019-03-02 00:30:00",66.37,162.2,22.06,0.892
"C2","2019-03-02 00:40:00",66.46,153.2,22.04,0.889
"C2","2019-03-02 00:50:00",66.29,166.2,22.07,0.895
"C2","2019-03-02 01:00:00",66.01,159.3,22.06,0.902
"C2","2019-03-02 01:10:00",66.56,150.9,22.05,0.887
"C2","2019-03-02 01:20:00",66.29,163.4,22.07,0.895
"C2","2019-03-02 01:30:00",66.34,157.2,22.01,0.891
"C2","2019-03-02 01:40:00",66.29,153.1,21.99,0.891
"C2","2019-03-02 01:50:00",65.79,169.7,22.04,0.907
"C2","2019-03-02 02:00:00",66.56,159.8,22.07,0.888
"C2","2019-03-02 02:10:00",66.29,153.1,22.06,0.894
"C2","2019-03-02 02:20:00",65.93,167.7,22.05,0.903
"C2","2019-03-02 02:30:00",65.82,162.6,22.07,0.907
"C2","2019-03-02 02:40:00",66.8,152.9,22.05,0.881
"C2","2019-03-02 02:50:00",65.83,166.8,22.09,0.908
"C2","2019-03-02 03:00:00",65.91,163.3,22.09,0.906
"C2","2019-03-02 03:10:00",66.17,154,22.09,0.899
"C2","2019-03-02 03:20:00",65.9,166.2,22.07,0.906
"C2","2019-03-02 03:30:00",66.1,163.6,22.12,0.903
"C2","2019-03-02 03:40:00",66.28,153,22.03,0.893
"C2","2019-03-02 03:50:00",65.78,172.1,22.04,0.907
"C2","2019-03-02 04:00:00",66.33,160.7,22,0.89
"C2","2019-03-02 04:10:00",66,156.3,22.01,0.9
"C2","2019-03-02 04:20:00",66.49,165.9,21.99,0.885
"C2","2019-03-02 04:30:00",66.24,162.6,22.06,0.895
"C2","2019-03-02 04:40:00",65.81,153.9,22.05,0.907
"C2","2019-03-02 04:50:00",65.63,165.5,22.07,0.913
"C2","2019-03-02 05:00:00",66.21,158.8,22.02,0.894
"C2","2019-03-02 05:10:00",66.56,152.4,22.04,0.886
"C2","2019-03-02 05:20:00",66.67,167.7,22.04,0.883
"C2","2019-03-02 05:30:00",66.25,162.6,22.03,0.894
"C2","2019-03-02 05:40:00",65.78,149.7,22.05,0.908
"C2","2019-03-02 05:50:00",65.89,162.6,22.07,0.906
"C2","2019-03-02 06:00:00",66.12,161.7,22.08,0.9
"C2","2019-03-02 06:10:00",69.97,0,21.55,0.772
"C2","2019-03-02 06:20:00",68.59,0,21.83,0.822
"C2","2019-03-02 06:30:00",65.32,0,21.8,0.906
"C2","2019-03-02 06:40:00",64.46,0,21.79,0.927
"C2","2019-03-02 06:50:00",64.46,0,21.79,0.928
"C2","2019-03-02 07:00:00",64.47,0,21.84,0.93
"C2","2019-03-02 07:10:00",64.42,0.069,21.79,0.928
"C2","2019-03-02 07:20:00",64.23,0,21.79,0.933
"C2","2019-03-02 07:30:00",64.39,0,21.83,0.931
"C2","2019-03-02 07:40:00",64.49,0.069,21.81,0.928
"C2","2019-03-02 07:50:00",64.33,0,21.8,0.931
"C2","2019-03-02 08:00:00",64.41,0,21.81,0.93
"C2","2019-03-02 08:10:00",64.48,0.069,21.83,0.929
"C2","2019-03-02 08:20:00",64.44,0,21.82,0.93
"C2","2019-03-02 08:30:00",64.43,0,21.81,0.929
"C2","2019-03-02 08:40:00",64.37,0,21.82,0.931
"C2","2019-03-02 08:50:00",64.24,0,21.83,0.935
"C2","2019-03-02 09:00:00",64.61,0,21.8,0.924
"C2","2019-03-02 09:10:00",64.5,0,21.8,0.927
"C2","2019-03-02 09:20:00",64.35,0,21.84,0.933
"C2","2019-03-02 09:30:00",64.49,0,21.83,0.929
"C2","2019-03-02 09:40:00",64.41,0,21.81,0.93
"C2","2019-03-02 09:50:00",64.22,0,21.84,0.937
"C2","2019-03-02 10:00:00",64.38,0,21.83,0.932
"C2","2019-03-02 10:10:00",64.43,0,21.83,0.93
"C2","2019-03-02 10:20:00",64.44,0,21.82,0.929
"C2","2019-03-02 10:30:00",64.58,0,21.82,0.926
"C2","2019-03-02 10:40:00",64.38,0,21.83,0.932
"C2","2019-03-02 10:50:00",64.59,0,21.82,0.925
"C2","2019-03-02 11:00:00",64.48,0,21.83,0.929
"C2","2019-03-02 11:10:00",64.73,0,21.85,0.923
"C2","2019-03-02 11:20:00",64.32,0,21.85,0.934
"C2","2019-03-02 11:30:00",64.62,0,21.83,0.926
"C2","2019-03-02 11:40:00",64.37,0,21.81,0.931
"C2","2019-03-02 11:50:00",64.69,0,21.85,0.924
"C2","2019-03-02 12:00:00",64.41,0,21.83,0.931
"C2","2019-03-02 12:10:00",64.55,0,21.82,0.926
"C2","2019-03-02 12:20:00",64.6,0,21.84,0.926
"C2","2019-03-02 12:30:00",64.55,0,21.84,0.928
"C2","2019-03-02 12:40:00",64.51,0,21.87,0.93
"C2","2019-03-02 12:50:00",64.6,0,21.84,0.927
"C2","2019-03-02 13:00:00",64.47,0,21.83,0.929
"C2","2019-03-02 13:10:00",64.63,0,21.84,0.926
"C2","2019-03-02 13:20:00",64.41,0,21.83,0.931
"C2","2019-03-02 13:30:00",64.66,0,21.84,0.925
"C2","2019-03-02 13:40:00",64.77,0,21.86,0.923
"C2","2019-03-02 13:50:00",64.45,0,21.83,0.93
"C2","2019-03-02 14:00:00",64.54,0,21.84,0.928
"C2","2019-03-02 14:10:00",64.45,0.069,21.82,0.929
"C2","2019-03-02 14:20:00",64.62,0,21.84,0.926
"C2","2019-03-02 14:30:00",64.81,0,21.85,0.922
"C2","2019-03-02 14:40:00",64.55,0,21.83,0.928
"C2","2019-03-02 14:50:00",64.59,0,21.84,0.927
"C2","2019-03-02 15:00:00",64.71,0,21.81,0.922
"C2","2019-03-02 15:10:00",64.65,0,21.84,0.925
"C2","2019-03-02 15:20:00",64.72,0,21.85,0.924
"C2","2019-03-02 15:30:00",64.76,0,21.86,0.923
"C2","2019-03-02 15:40:00",64.66,0,21.81,0.923
"C2","2019-03-02 15:50:00",64.34,0,21.87,0.935
"C2","2019-03-02 16:00:00",64.59,0,21.84,0.927
"C2","2019-03-02 16:10:00",64.43,0,21.83,0.931
"C2","2019-03-02 16:20:00",64.52,0,21.85,0.929
"C2","2019-03-02 16:30:00",64.68,0,21.82,0.923
"C2","2019-03-02 16:40:00",64.57,0,21.89,0.93
"C2","2019-03-02 16:50:00",64.29,0,21.83,0.934
"C2","2019-03-02 17:00:00",64.38,0,21.82,0.931
"C2","2019-03-02 17:10:00",64.71,0,21.83,0.923
"C2","2019-03-02 17:20:00",64.79,0,21.83,0.921
"C2","2019-03-02 17:30:00",64.57,0,21.83,0.926
"C2","2019-03-02 17:40:00",64.76,0,21.85,0.923
"C2","2019-03-02 17:50:00",64.36,0,21.83,0.932
"C2","2019-03-02 18:00:00",64.54,0,21.83,0.928
"C2","2019-03-02 18:10:00",64.84,136.4,22.11,0.936
"C2","2019-03-02 18:20:00",65.12,164,22.16,0.931
"C2","2019-03-02 18:30:00",66.97,159.7,22.1,0.879
"C2","2019-03-02 18:40:00",66.67,148,22.08,0.885
"C2","2019-03-02 18:50:00",66.82,164.4,22.07,0.881
"C2","2019-03-02 19:00:00",66.43,157.5,22.09,0.893
"C2","2019-03-02 19:10:00",66.67,150.4,22.07,0.885
"C2","2019-03-02 19:20:00",66.42,167.1,22.06,0.891
"C2","2019-03-02 19:30:00",67.03,160.9,22.14,0.879
"C2","2019-03-02 19:40:00",66.16,155.9,22.07,0.899
"C2","2019-03-02 19:50:00",64.37,177,22.01,0.942
"C2","2019-03-02 20:00:00",65.29,187.8,22,0.918
"C2","2019-03-02 20:10:00",64.95,180.5,22.07,0.931
"C2","2019-03-02 20:20:00",66.09,173.8,22.06,0.899
"C2","2019-03-02 20:30:00",66.44,159,22.02,0.888
"C2","2019-03-02 20:40:00",66.53,157.9,22.07,0.889
"C2","2019-03-02 20:50:00",66.76,169,22.12,0.885
"C2","2019-03-02 21:00:00",65.89,155.9,22.12,0.908
"C2","2019-03-02 21:10:00",66.42,160.8,22,0.888
"C2","2019-03-02 21:20:00",66.97,172.9,22.03,0.875
"C2","2019-03-02 21:30:00",66.82,173.4,22.07,0.881
"C2","2019-03-02 21:40:00",65.93,154,22.08,0.905
"C2","2019-03-02 21:50:00",66.03,165,22.07,0.902
"C2","2019-03-02 22:00:00",65.87,163,22.15,0.91
"C2","2019-03-02 22:10:00",66.5,155.9,22.01,0.886
"C2","2019-03-02 22:20:00",66.21,168.7,22.08,0.897
"C2","2019-03-02 22:30:00",66.17,158,22.15,0.902
"C2","2019-03-02 22:40:00",65.89,162.4,22.07,0.906
"C2","2019-03-02 22:50:00",66.34,184.8,21.99,0.889
"C2","2019-03-02 23:00:00",66.42,182.9,22.08,0.892
"C2","2019-03-02 23:10:00",66.69,152,22.06,0.884
"C2","2019-03-02 23:20:00",65.59,163.5,22.12,0.917
"C2","2019-03-02 23:30:00",66.88,154.4,22.01,0.876
"C2","2019-03-02 23:40:00",66.74,147.1,22.07,0.883
"C2","2019-03-02 23:50:00",66.51,171.8,22.09,0.89
"C2","2019-03-03 00:00:00",65.83,161.5,22.08,0.908
"C2","2019-03-03 00:10:00",66.45,153.1,22.08,0.891
"C2","2019-03-03 00:20:00",66.19,169.7,22.05,0.896
"C2","2019-03-03 00:30:00",66.28,159.5,22.05,0.894
"C2","2019-03-03 00:40:00",66.11,155.6,22.13,0.903
"C2","2019-03-03 00:50:00",65.99,172.1,22.07,0.903
"C2","2019-03-03 01:00:00",66.41,156.5,22.15,0.896
"C2","2019-03-03 01:10:00",66.78,148.9,22.02,0.88
"C2","2019-03-03 01:20:00",65.81,168.7,22.05,0.907
"C2","2019-03-03 01:30:00",66.23,154.5,22.1,0.898
"C2","2019-03-03 01:40:00",66.3,155.7,22.13,0.898
"C2","2019-03-03 01:50:00",66.35,167.3,22.06,0.893
"C2","2019-03-03 02:00:00",67.01,156.4,22.05,0.875
"C2","2019-03-03 02:10:00",66.8,156.6,22.03,0.879
"C2","2019-03-03 02:20:00",66.25,171,22.1,0.898
"C2","2019-03-03 02:30:00",65.52,159,22.09,0.917
"C2","2019-03-03 02:40:00",66.54,192.1,22,0.885
"C2","2019-03-03 02:50:00",66.46,195.6,22.08,0.891
"C2","2019-03-03 03:00:00",65.8,193.3,22.13,0.911
"C2","2019-03-03 03:10:00",66.43,151.6,22,0.888
"C2","2019-03-03 03:20:00",66.1,165.5,22.09,0.901
"C2","2019-03-03 03:30:00",67.05,158.4,22.05,0.873
"C2","2019-03-03 03:40:00",66.5,156.7,22.05,0.888
"C2","2019-03-03 03:50:00",66.16,173.3,22.1,0.9
"C2","2019-03-03 04:00:00",66.26,160.5,22.04,0.895
"C2","2019-03-03 04:10:00",66.43,156.9,22.05,0.89
"C2","2019-03-03 04:20:00",66.47,173,22.09,0.891
"C2","2019-03-03 04:30:00",66.44,158.4,22.11,0.893
"C2","2019-03-03 04:40:00",66.17,152.5,22.06,0.897
"C2","2019-03-03 04:50:00",65.61,167.9,22.1,0.915
"C2","2019-03-03 05:00:00",66.55,160.5,22.05,0.887
"C2","2019-03-03 05:10:00",66.98,152.6,22.03,0.875
"C2","2019-03-03 05:20:00",66.48,164.2,22.05,0.889
"C2","2019-03-03 05:30:00",66.24,162.6,22.01,0.893
"C2","2019-03-03 05:40:00",66.89,152.9,21.99,0.875
"C2","2019-03-03 05:50:00",66.52,171,22,0.885
"C2","2019-03-03 06:00:00",66.7,157.3,22.01,0.881
"C2","2019-03-03 06:10:00",68.21,0,21.89,0.835
"C2","2019-03-03 06:20:00",67.74,0,21.81,0.843
"C2","2019-03-03 06:30:00",65.15,0,21.81,0.91
"C2","2019-03-03 06:40:00",64.65,0,21.8,0.923
"C2","2019-03-03 06:50:00",64.22,0,21.79,0.934
"C2","2019-03-03 07:00:00",64.42,0,21.82,0.93
"C2","2019-03-03 07:10:00",64.32,0,21.79,0.931
"C2","2019-03-03 07:20:00",64.32,0,21.8,0.931
"C2","2019-03-03 07:30:00",64.59,0,21.81,0.925
"C2","2019-03-03 07:40:00",64.29,0,21.81,0.933
"C2","2019-03-03 07:50:00",64.44,0,21.84,0.93
"C2","2019-03-03 08:00:00",64.4,0,21.8,0.93
"C2","2019-03-03 08:10:00",64.25,0,21.9,0.939
"C2","2019-03-03 08:20:00",64.57,0,21.83,0.927
"C2","2019-03-03 08:30:00",64.48,0,21.81,0.928
"C2","2019-03-03 08:40:00",64.41,0,21.82,0.931
"C2","2019-03-03 08:50:00",64.6,0,21.86,0.927
"C2","2019-03-03 09:00:00",64.55,0,21.83,0.927
"C2","2019-03-03 09:10:00",64.47,0,21.82,0.929
"C2","2019-03-03 09:20:00",64.39,0,21.81,0.93
"C2","2019-03-03 09:30:00",64.64,0,21.82,0.924
"C2","2019-03-03 09:40:00",64.44,0,21.82,0.93
"C2","2019-03-03 09:50:00",64.36,0,21.82,0.932
"C2","2019-03-03 10:00:00",64.61,0,21.83,0.926
"C2","2019-03-03 10:10:00",64.68,0.069,21.84,0.924
"C2","2019-03-03 10:20:00",64.56,0,21.84,0.928
"C2","2019-03-03 10:30:00",64.47,0,21.83,0.929
"C2","2019-03-03 10:40:00",64.55,0,21.83,0.927
"C2","2019-03-03 10:50:00",64.66,0,21.82,0.924
"C2","2019-03-03 11:00:00",64.6,0,21.83,0.926
"C2","2019-03-03 11:10:00",64.48,0,21.85,0.93
"C2","2019-03-03 11:20:00",64.27,0,21.82,0.934
"C2","2019-03-03 11:30:00",64.55,0,21.83,0.927
"C2","2019-03-03 11:40:00",64.95,0,21.86,0.918
"C2","2019-03-03 11:50:00",64.32,0,21.83,0.933
"C2","2019-03-03 12:00:00",64.79,0,21.84,0.921
"C2","2019-03-03 12:10:00",64.62,0,21.87,0.927
"C2","2019-03-03 12:20:00",64.44,0,21.85,0.931
"C2","2019-03-03 12:30:00",64.58,0,21.82,0.926
"C2","2019-03-03 12:40:00",64.63,0,21.84,0.926
"C2","2019-03-03 12:50:00",64.55,0,21.87,0.93
"C2","2019-03-03 13:00:00",64.44,0,21.82,0.929
"C2","2019-03-03 13:10:00",64.51,0,21.84,0.929
"C2","2019-03-03 13:20:00",64.57,0,21.83,0.927
"C2","2019-03-03 13:30:00",64.45,0,21.83,0.93
"C2","2019-03-03 13:40:00",64.78,0,21.82,0.921
"C2","2019-03-03 13:50:00",64.63,0,21.9,0.929
"C2","2019-03-03 14:00:00",64.5,0,21.87,0.931
"C2","2019-03-03 14:10:00",64.65,0,21.84,0.925
"C2","2019-03-03 14:20:00",64.54,0,21.85,0.928
"C2","2019-03-03 14:30:00",64.73,0,21.83,0.923
"C2","2019-03-03 14:40:00",64.94,0,21.85,0.918
"C2","2019-03-03 14:50:00",64.58,0,21.87,0.929
"C2","2019-03-03 15:00:00",64.69,0,21.83,0.923
"C2","2019-03-03 15:10:00",64.62,0.069,21.86,0.927
"C2","2019-03-03 15:20:00",64.53,0,21.84,0.929
"C2","2019-03-03 15:30:00",64.58,0,21.85,0.928
"C2","2019-03-03 15:40:00",64.56,0,21.84,0.928
"C2","2019-03-03 15:50:00",64.61,0,21.84,0.926
"C2","2019-03-03 16:00:00",64.56,0,21.87,0.929
"C2","2019-03-03 16:10:00",64.49,0,21.87,0.931
"C2","2019-03-03 16:20:00",64.47,0,21.87,0.931
"C2","2019-03-03 16:30:00",64.59,0,21.82,0.926
"C2","2019-03-03 16:40:00",64.58,0,21.82,0.926
"C2","2019-03-03 16:50:00",64.46,0,21.84,0.93
"C2","2019-03-03 17:00:00",64.71,0,21.84,0.924
"C2","2019-03-03 17:10:00",64.39,0,21.82,0.931
"C2","2019-03-03 17:20:00",64.53,0,21.88,0.931
"C2","2019-03-03 17:30:00",64.79,0,21.85,0.922
"C2","2019-03-03 17:40:00",64.93,0,21.87,0.92
"C2","2019-03-03 17:50:00",64.54,0,21.85,0.929
"C2","2019-03-03 18:00:00",64.63,0,21.82,0.925
"C2","2019-03-03 18:10:00",65.34,138,22.13,0.923
"C2","2019-03-03 18:20:00",65.84,173.9,22.14,0.911
"C2","2019-03-03 18:30:00",67.53,165.7,22.14,0.866
"C2","2019-03-03 18:40:00",65.89,154.3,22.14,0.909
"C2","2019-03-03 18:50:00",66.43,173.7,22.08,0.892
"C2","2019-03-03 19:00:00",66.75,163.7,22.11,0.885
"C2","2019-03-03 19:10:00",65.77,153.4,22.11,0.911
"C2","2019-03-03 19:20:00",66.72,166.8,22.08,0.884
"C2","2019-03-03 19:30:00",66.67,158.6,22.04,0.883
"C2","2019-03-03 19:40:00",64.09,175.9,22.13,0.957
"C2","2019-03-03 19:50:00",66.65,146.2,21.97,0.88
"C2","2019-03-03 20:00:00",67.01,159,22,0.872
"C2","2019-03-03 20:10:00",65.25,154.3,22.02,0.92
"C2","2019-03-03 20:20:00",66.82,149.3,22,0.878
"C2","2019-03-03 20:30:00",65.62,162.6,22.12,0.915
"C2","2019-03-03 20:40:00",65.63,149.4,21.92,0.905
"C2","2019-03-03 20:50:00",66.96,173.5,22.16,0.882
"C2","2019-03-03 21:00:00",66.27,174.9,22.14,0.899
"C2","2019-03-03 21:10:00",66.66,156.1,22.13,0.889
"C2","2019-03-03 21:20:00",66.42,170.5,22.06,0.891
"C2","2019-03-03 21:30:00",67.02,163.6,22.05,0.874
"C2","2019-03-03 21:40:00",67.6,154.9,22.13,0.863
"C2","2019-03-03 21:50:00",66.75,170.5,22.13,0.886
"C2","2019-03-03 22:00:00",66.88,160.4,22.08,0.88
"C2","2019-03-03 22:10:00",66.73,155.5,22.13,0.886
"C2","2019-03-03 22:20:00",66.38,171.9,22.1,0.894
"C2","2019-03-03 22:30:00",67.47,158.8,22.13,0.867
"C2","2019-03-03 22:40:00",66.8,151.5,22.07,0.881
"C2","2019-03-03 22:50:00",67.03,170.3,22.12,0.877
"C2","2019-03-03 23:00:00",66.73,158.8,22.08,0.884
"C2","2019-03-03 23:10:00",66.52,155.3,22.19,0.895
"C2","2019-03-03 23:20:00",66.39,170.8,22.07,0.892
"C2","2019-03-03 23:30:00",65.72,159.1,22.1,0.912
"C2","2019-03-03 23:40:00",66.97,155.9,22.09,0.878
"C2","2019-03-03 23:50:00",67.39,168.6,22.08,0.866
"C2","2019-03-04 00:00:00",66.55,162.8,22.08,0.888
"C2","2019-03-04 00:10:00",67.07,161.5,22.14,0.878
"C2","2019-03-04 00:20:00",66.63,173,22.07,0.886
"C2","2019-03-04 00:30:00",67.74,160.5,22.08,0.857
"C2","2019-03-04 00:40:00",65.85,156.9,22.13,0.91
"C2","2019-03-04 00:50:00",66.34,169.9,22.08,0.894
"C2","2019-03-04 01:00:00",67.52,161.8,22.09,0.863
"C2","2019-03-04 01:10:00",66.57,152.7,22.09,0.889
"C2","2019-03-04 01:20:00",66.68,167.5,22.05,0.883
"C2","2019-03-04 01:30:00",66.23,160.6,22.09,0.897
"C2","2019-03-04 01:40:00",66.53,159.8,22.13,0.892
"C2","2019-03-04 01:50:00",66.82,173.2,22.09,0.882
"C2","2019-03-04 02:00:00",66.53,165.3,22.09,0.89
"C2","2019-03-04 02:10:00",66.18,155.1,22.1,0.899
"C2","2019-03-04 02:20:00",66.13,171,22.11,0.901
"C2","2019-03-04 02:30:00",66.03,163.6,22.16,0.906
"C2","2019-03-04 02:40:00",66.6,155.5,22.08,0.887
"C2","2019-03-04 02:50:00",67.35,171.7,22.03,0.864
"C2","2019-03-04 03:00:00",67.04,161,22.14,0.879
"C2","2019-03-04 03:10:00",65.55,157.3,22.1,0.916
"C2","2019-03-04 03:20:00",67.38,169.5,22.08,0.866
"C2","2019-03-04 03:30:00",66.03,159.5,22.1,0.903
"C2","2019-03-04 03:40:00",67.1,155.8,22.08,0.874
"C2","2019-03-04 03:50:00",65.96,168.3,22.18,0.91
"C2","2019-03-04 04:00:00",66.93,160.8,22.07,0.878
"C2","2019-03-04 04:10:00",67.08,156.5,22.13,0.877
"C2","2019-03-04 04:20:00",66.03,169.4,22.1,0.903
"C2","2019-03-04 04:30:00",66.9,163,22.04,0.877
"C2","2019-03-04 04:40:00",67.07,157.7,22.1,0.876
"C2","2019-03-04 04:50:00",65.86,175.5,22.1,0.908
"C2","2019-03-04 05:00:00",67.36,156.6,22.06,0.866
"C2","2019-03-04 05:10:00",66.81,150.5,22.13,0.884
"C2","2019-03-04 05:20:00",66.35,162.8,22.14,0.897
"C2","2019-03-04 05:30:00",66.23,159.1,22.02,0.894
"C2","2019-03-04 05:40:00",67.34,149.5,22.08,0.868
"C2","2019-03-04 05:50:00",66.95,169.4,22.1,0.879
"C2","2019-03-04 06:00:00",66.4,160.2,22.09,0.893
"C2","2019-03-04 06:10:00",69.14,0,21.89,0.81
"C2","2019-03-04 06:20:00",71.8,0,21.81,0.737
"C2","2019-03-04 06:30:00",70.7,0,21.83,0.765
"C2","2019-03-04 06:40:00",67.06,0,21.84,0.862
"C2","2019-03-04 06:50:00",64.7,0,21.83,0.923
"C2","2019-03-04 07:00:00",65.29,0,21.84,0.908
"C2","2019-03-04 07:10:00",64.81,0,21.85,0.922
"C2","2019-03-04 07:20:00",64.65,0,21.86,0.926
"C2","2019-03-04 07:30:00",64.83,0,21.83,0.92
"C2","2019-03-04 07:40:00",64.8,0,21.85,0.922
"C2","2019-03-04 07:50:00",64.74,0,21.87,0.925
"C2","2019-03-04 08:00:00",64.55,0,21.85,0.928
"C2","2019-03-04 08:10:00",64.67,0,21.87,0.926
"C2","2019-03-04 08:20:00",64.45,0,21.86,0.932
"C2","2019-03-04 08:30:00",64.71,0,21.87,0.925
"C2","2019-03-04 08:40:00",64.71,0,21.86,0.925
"C2","2019-03-04 08:50:00",64.59,0,21.87,0.928
"C2","2019-03-04 09:00:00",64.98,0.069,21.85,0.917
"C2","2019-03-04 09:10:00",65.02,0,21.92,0.92
"C2","2019-03-04 09:20:00",64.69,0,21.95,0.93
"C2","2019-03-04 09:30:00",65.18,0,21.96,0.918
"C2","2019-03-04 09:40:00",65.1,0,21.96,0.92
"C2","2019-03-04 09:50:00",65,0,21.97,0.923
"C2","2019-03-04 10:00:00",65.04,0,21.99,0.923
"C2","2019-03-04 10:10:00",64.79,0,21.96,0.929
"C2","2019-03-04 10:20:00",64.95,0,21.97,0.925
"C2","2019-03-04 10:30:00",65,0,21.96,0.923
"C2","2019-03-04 10:40:00",64.79,0,21.97,0.929
"C2","2019-03-04 10:50:00",64.72,0,21.96,0.93
"C2","2019-03-04 11:00:00",64.7,0,21.88,0.926
"C2","2019-03-04 11:10:00",64.75,0.069,21.87,0.924
"C2","2019-03-04 11:20:00",64.41,0.069,21.86,0.933
"C2","2019-03-04 11:30:00",64.79,0,21.83,0.921
"C2","2019-03-04 11:40:00",64.49,0,21.83,0.929
"C2","2019-03-04 11:50:00",64.52,0,21.85,0.929
"C2","2019-03-04 12:00:00",64.42,0,21.85,0.931
"C2","2019-03-04 12:10:00",64.18,0,21.81,0.936
"C2","2019-03-04 12:20:00",64.18,0,21.83,0.937
"C2","2019-03-04 12:30:00",64.35,0,21.81,0.931
"C2","2019-03-04 12:40:00",64.35,0,21.81,0.931
"C2","2019-03-04 12:50:00",64.05,0,21.82,0.94
"C2","2019-03-04 13:00:00",64.39,0,21.81,0.93
"C2","2019-03-04 13:10:00",64.46,0,21.83,0.93
"C2","2019-03-04 13:20:00",64.36,0,21.86,0.934
"C2","2019-03-04 13:30:00",64.39,0,21.86,0.933
"C2","2019-03-04 13:40:00",64.52,0,21.81,0.927
"C2","2019-03-04 13:50:00",64.36,0,21.83,0.932
"C2","2019-03-04 14:00:00",64.46,0,21.81,0.929
"C2","2019-03-04 14:10:00",64.42,0,21.82,0.93
"C2","2019-03-04 14:20:00",64.31,0,21.84,0.934
"C2","2019-03-04 14:30:00",64.37,0,21.82,0.931
"C2","2019-03-04 14:40:00",64.33,0,21.82,0.933
"C2","2019-03-04 14:50:00",64.41,0,21.82,0.93
"C2","2019-03-04 15:00:00",64.91,0,21.86,0.92
"C2","2019-03-04 15:10:00",64.53,0,21.85,0.929
"C2","2019-03-04 15:20:00",64.51,0,21.82,0.928
"C2","2019-03-04 15:30:00",64.38,0,21.85,0.933
"C2","2019-03-04 15:40:00",64.42,0,21.83,0.931
"C2","2019-03-04 15:50:00",64.26,0,21.83,0.935
"C2","2019-03-04 16:00:00",64.47,0,21.84,0.93
"C2","2019-03-04 16:10:00",64.42,0,21.85,0.932
"C2","2019-03-04 16:20:00",64.19,0,21.83,0.937
"C2","2019-03-04 16:30:00",64.19,0,21.81,0.935
"C2","2019-03-04 16:40:00",64.29,0,21.81,0.933
"C2","2019-03-04 16:50:00",64.54,0,21.84,0.928
"C2","2019-03-04 17:00:00",64.62,0,21.81,0.924
"C2","2019-03-04 17:10:00",64.38,0,21.82,0.931
"C2","2019-03-04 17:20:00",64.46,0,21.83,0.93
"C2","2019-03-04 17:30:00",64.32,0,21.83,0.933
"C2","2019-03-04 17:40:00",64.42,0,21.81,0.929
"C2","2019-03-04 17:50:00",64.37,0,21.81,0.93
"C2","2019-03-04 18:00:00",64.43,0,21.81,0.929
"C2","2019-03-04 18:10:00",64.26,138.1,22.11,0.951
"C2","2019-03-04 18:20:00",65.05,172.1,22.11,0.93
"C2","2019-03-04 18:30:00",66.07,161.7,22.1,0.902
"C2","2019-03-04 18:40:00",64.91,160.6,22.11,0.934
"C2","2019-03-04 18:50:00",65.17,172.8,22.05,0.924
"C2","2019-03-04 19:00:00",65.59,158.4,22.04,0.911
"C2","2019-03-04 19:10:00",66.26,156.6,22.11,0.898
"C2","2019-03-04 19:20:00",65.49,172.2,22.12,0.919
"C2","2019-03-04 19:30:00",65.84,160.7,22.03,0.904
"C2","2019-03-04 19:40:00",66.05,156.2,22.08,0.902
"C2","2019-03-04 19:50:00",66.06,175.2,22.05,0.9
"C2","2019-03-04 20:00:00",66.31,163.4,22.05,0.893
"C2","2019-03-04 20:10:00",64.76,157.7,22.1,0.938
"C2","2019-03-04 20:20:00",65.29,165.7,22.05,0.92
"C2","2019-03-04 20:30:00",66.26,153,22.05,0.894
"C2","2019-03-04 20:40:00",66.47,155.3,22.05,0.889
"C2","2019-03-04 20:50:00",65.79,164.9,22.07,0.908
"C2","2019-03-04 21:00:00",64.68,158,22.08,0.938
"C2","2019-03-04 21:10:00",65.88,185.6,21.98,0.901
"C2","2019-03-04 21:20:00",65.97,184.8,21.99,0.9
"C2","2019-03-04 21:30:00",65.98,184.5,22.1,0.905
"C2","2019-03-04 21:40:00",65.4,160.2,22.14,0.922
"C2","2019-03-04 21:50:00",66.52,163.7,22.09,0.89
"C2","2019-03-04 22:00:00",65.98,170.7,22.1,0.905
"C2","2019-03-04 22:10:00",66.57,162.8,22.04,0.886
"C2","2019-03-04 22:20:00",65.98,164.6,22.04,0.901
"C2","2019-03-04 22:30:00",66.06,152.4,22.04,0.899
"C2","2019-03-04 22:40:00",65.76,156.8,22.06,0.908
"C2","2019-03-04 22:50:00",66.06,168.5,22.07,0.901
"C2","2019-03-04 23:00:00",66.11,157.4,22.05,0.899
"C2","2019-03-04 23:10:00",65.55,156.7,22.07,0.915
"C2","2019-03-04 23:20:00",66.1,170.2,22.02,0.897
"C2","2019-03-04 23:30:00",65.52,156.3,22.04,0.914
"C2","2019-03-04 23:40:00",66.2,163.2,22.14,0.901
"C2","2019-03-04 23:50:00",66.09,167.6,22.04,0.899
"C2","2019-03-05 00:00:00",64.93,154.4,22.1,0.933
"C2","2019-03-05 00:10:00",65.51,156.5,22,0.912
"C2","2019-03-05 00:20:00",66.05,164.4,22.04,0.9
"C2","2019-03-05 00:30:00",65.87,158,22.05,0.905
"C2","2019-03-05 00:40:00",64.84,156.1,22.07,0.933
"C2","2019-03-05 00:50:00",65.35,169.1,22.03,0.918
"C2","2019-03-05 01:00:00",66.3,157.2,22.05,0.893
"C2","2019-03-05 01:10:00",64.7,158,22.03,0.935
"C2","2019-03-05 01:20:00",65.62,163.3,21.96,0.907
"C2","2019-03-05 01:30:00",66,158.2,22.03,0.901
"C2","2019-03-05 01:40:00",66.31,163.9,22.09,0.895
"C2","2019-03-05 01:50:00",65.78,164.4,22.1,0.91
"C2","2019-03-05 02:00:00",65.4,161.1,22.08,0.92
"C2","2019-03-05 02:10:00",64.83,164.2,22.04,0.932
"C2","2019-03-05 02:20:00",65.47,163.6,22.01,0.914
"C2","2019-03-05 02:30:00",65.92,165.9,22.06,0.904
"C2","2019-03-05 02:40:00",64.41,161.9,22.14,0.949
"C2","2019-03-05 02:50:00",65.85,158.8,22.06,0.906
"C2","2019-03-05 03:00:00",65.5,167.6,22.05,0.915
"C2","2019-03-05 03:10:00",65.96,163.5,22.02,0.901
"C2","2019-03-05 03:20:00",65.82,156.4,22.09,0.908
"C2","2019-03-05 03:30:00",65.1,171.3,22.02,0.924
"C2","2019-03-05 03:40:00",66.66,163.5,22.05,0.884
"C2","2019-03-05 03:50:00",66.04,152.8,22.01,0.899
"C2","2019-03-05 04:00:00",65.84,169.9,22.03,0.905
"C2","2019-03-05 04:10:00",66.14,155.2,22.04,0.897
"C2","2019-03-05 04:20:00",66.57,156.8,22.04,0.886
"C2","2019-03-05 04:30:00",65.82,166.6,22.14,0.911
"C2","2019-03-05 04:40:00",66.32,159.1,22.02,0.892
"C2","2019-03-05 04:50:00",65.6,158.4,22.07,0.913
"C2","2019-03-05 05:00:00",65.51,165.4,22.08,0.916
"C2","2019-03-05 05:10:00",65.75,152.2,22.04,0.908
"C2","2019-03-05 05:20:00",65.42,154.6,22.1,0.92
"C2","2019-03-05 05:30:00",65.9,161.7,22.08,0.906
"C2","2019-03-05 05:40:00",65.66,155.1,22.03,0.909
"C2","2019-03-05 05:50:00",64.86,158.5,22.08,0.933
"C2","2019-03-05 06:00:00",65.83,173.5,22.03,0.905
"C2","2019-03-05 06:10:00",67.42,0,21.79,0.85
"C2","2019-03-05 06:20:00",65.65,0,21.8,0.897
"C2","2019-03-05 06:30:00",64.93,0,21.79,0.915
"C2","2019-03-05 06:40:00",64.65,0,21.8,0.923
"C2","2019-03-05 06:50:00",64.44,0,21.79,0.928
"C2","2019-03-05 07:00:00",64.51,0,21.86,0.93
"C2","2019-03-05 07:10:00",64.28,0,21.8,0.932
"C2","2019-03-05 07:20:00",64.67,0,21.81,0.923
"C2","2019-03-05 07:30:00",64.35,0,21.82,0.932
"C2","2019-03-05 07:40:00",64.11,0,21.81,0.937
"C2","2019-03-05 07:50:00",64.33,0,21.82,0.932
"C2","2019-03-05 08:00:00",64.12,0,21.81,0.937
"C2","2019-03-05 08:10:00",64.23,0,21.8,0.934
"C2","2019-03-05 08:20:00",64.25,0,21.82,0.935
"C2","2019-03-05 08:30:00",64.18,0,21.82,0.936
"C2","2019-03-05 08:40:00",64.42,0,21.81,0.929
"C2","2019-03-05 08:50:00",64.37,0,21.82,0.931
"C2","2019-03-05 09:00:00",64.49,0,21.88,0.932
"C2","2019-03-05 09:10:00",64.36,0,21.81,0.931
"C2","2019-03-05 09:20:00",64.6,0,21.81,0.925
"C2","2019-03-05 09:30:00",64.47,0,21.83,0.929
"C2","2019-03-05 09:40:00",64.43,0,21.82,0.93
"C2","2019-03-05 09:50:00",64.67,0,21.87,0.926
"C2","2019-03-05 10:00:00",64.42,0,21.84,0.931
"C2","2019-03-05 10:10:00",64.52,0,21.84,0.929
"C2","2019-03-05 10:20:00",64.5,0,21.83,0.928
"C2","2019-03-05 10:30:00",64.49,0.069,21.82,0.928
"C2","2019-03-05 10:40:00",64.41,0,21.84,0.931
"C2","2019-03-05 10:50:00",64.4,0,21.82,0.931
"C2","2019-03-05 11:00:00",64.37,0,21.81,0.931
"C2","2019-03-05 11:10:00",64.37,0,21.82,0.932
"C2","2019-03-05 11:20:00",64.1,0,21.83,0.939
"C2","2019-03-05 11:30:00",64,0,21.82,0.941
"C2","2019-03-05 11:40:00",64.3,0,21.82,0.933
"C2","2019-03-05 11:50:00",64.25,0,21.81,0.934
"C2","2019-03-05 12:00:00",64.35,0,21.82,0.932
"C2","2019-03-05 12:10:00",64.91,0,21.83,0.918
"C2","2019-03-05 12:20:00",64.73,0,21.83,0.923
"C2","2019-03-05 12:30:00",64.61,0.069,21.83,0.926
"C2","2019-03-05 12:40:00",64.45,0,21.81,0.929
"C2","2019-03-05 12:50:00",64.53,0,21.84,0.928
"C2","2019-03-05 13:00:00",64.18,0,21.85,0.938
"C2","2019-03-05 13:10:00",64.11,0,21.82,0.938
"C2","2019-03-05 13:20:00",64.2,0,21.89,0.94
"C2","2019-03-05 13:30:00",64.12,0,21.85,0.94
"C2","2019-03-05 13:40:00",64.21,0,21.83,0.936
"C2","2019-03-05 13:50:00",63.87,0,21.83,0.945
"C2","2019-03-05 14:00:00",64.37,0,21.82,0.931
"C2","2019-03-05 14:10:00",64.73,0.069,21.88,0.925
"C2","2019-03-05 14:20:00",64.08,0,21.84,0.94
"C2","2019-03-05 14:30:00",64.41,0,21.84,0.932
"C2","2019-03-05 14:40:00",64.66,0,21.85,0.925
"C2","2019-03-05 14:50:00",64.45,0,21.83,0.93
"C2","2019-03-05 15:00:00",64.7,0,21.83,0.923
"C2","2019-03-05 15:10:00",64.54,0,21.84,0.928
"C2","2019-03-05 15:20:00",64.41,0,21.83,0.931
"C2","2019-03-05 15:30:00",64.75,0,21.83,0.922
"C2","2019-03-05 15:40:00",64.55,0,21.84,0.928
"C2","2019-03-05 15:50:00",64.45,0,21.81,0.929
"C2","2019-03-05 16:00:00",64.47,0,21.81,0.928
"C2","2019-03-05 16:10:00",64.57,0,21.88,0.929
"C2","2019-03-05 16:20:00",63.94,0,21.81,0.942
"C2","2019-03-05 16:30:00",64.5,0,21.83,0.928
"C2","2019-03-05 16:40:00",64.35,0,21.82,0.932
"C2","2019-03-05 16:50:00",64.49,0,21.83,0.929
"C2","2019-03-05 17:00:00",64.58,0,21.81,0.925
"C2","2019-03-05 17:10:00",64.41,0.069,21.82,0.93
"C2","2019-03-05 17:20:00",64.24,0,21.82,0.935
"C2","2019-03-05 17:30:00",64.66,0,21.82,0.924
"C2","2019-03-05 17:40:00",64.59,0,21.84,0.926
"C2","2019-03-05 17:50:00",64.41,0,21.81,0.929
"C2","2019-03-05 18:00:00",64.69,0,21.86,0.925
"C2","2019-03-05 18:10:00",64.82,37.56,22,0.93
"C2","2019-03-05 18:20:00",65.4,39.35,22.1,0.92
"C2","2019-03-05 18:30:00",65.29,40.38,22.11,0.923
"C2","2019-03-05 18:40:00",64.94,40.31,22.1,0.932
"C2","2019-03-05 18:50:00",65.11,39.28,21.98,0.921
"C2","2019-03-05 19:00:00",66.2,39.9,22.08,0.897
"C2","2019-03-05 19:10:00",66.1,41.21,21.96,0.894
"C2","2019-03-05 19:20:00",65.07,40.17,22.05,0.926
"C2","2019-03-05 19:30:00",64.54,40.04,22.02,0.938
"C2","2019-03-05 19:40:00",64.86,40.93,21.97,0.927
"C2","2019-03-05 19:50:00",64.73,40.24,22.02,0.933
"C2","2019-03-05 20:00:00",64.4,39.14,21.93,0.937
"C2","2019-03-05 20:10:00",64.65,41,21.89,0.928
"C2","2019-03-05 20:20:00",64.75,40.31,21.99,0.931
"C2","2019-03-05 20:30:00",64.79,41.21,22.09,0.936
"C2","2019-03-05 20:40:00",65,41.34,22.08,0.929
"C2","2019-03-05 20:50:00",64.71,39.28,22,0.932
"C2","2019-03-05 21:00:00",64.69,40.65,22.04,0.935
"C2","2019-03-05 21:10:00",65.09,40.45,22.07,0.927
"C2","2019-03-05 21:20:00",66.1,39.9,22.02,0.897
"C2","2019-03-05 21:30:00",66.32,40.65,21.94,0.887
"C2","2019-03-05 21:40:00",65.69,40.72,22.07,0.911
"C2","2019-03-05 21:50:00",65.1,42.52,22.09,0.927
"C2","2019-03-05 22:00:00",65.96,42.17,22.04,0.902
"C2","2019-03-05 22:10:00",65.84,40.66,22,0.903
"C2","2019-03-05 22:20:00",64.72,38.93,22.13,0.94
"C2","2019-03-05 22:30:00",67.59,41.07,21.91,0.852
"C2","2019-03-05 22:40:00",65.61,39.97,22.09,0.914
"C2","2019-03-05 22:50:00",65.16,39.42,22.12,0.927
"C2","2019-03-05 23:00:00",65.03,41.14,22.12,0.931
"C2","2019-03-05 23:10:00",65.21,40.11,22.06,0.923
"C2","2019-03-05 23:20:00",65.78,41.35,22.08,0.909
"C2","2019-03-05 23:30:00",65.04,41.69,22.06,0.928
"C2","2019-03-05 23:40:00",66.12,40.52,21.96,0.893
"C2","2019-03-05 23:50:00",66.94,40.11,21.93,0.87
"C2","2019-03-06 00:00:00",65.77,41.35,22.09,0.91
"C2","2019-03-06 00:10:00",65.04,40.38,22.05,0.927
"C2","2019-03-06 00:20:00",66.15,39.63,21.94,0.892
"C2","2019-03-06 00:30:00",65.41,41.42,22.04,0.917
"C2","2019-03-06 00:40:00",65.02,40.38,22.11,0.931
"C2","2019-03-06 00:50:00",65.58,39.14,22.07,0.913
"C2","2019-03-06 01:00:00",65.29,41.28,22.13,0.925
"C2","2019-03-06 01:10:00",65.42,40.93,22.14,0.921
"C2","2019-03-06 01:20:00",64.97,39.97,22.08,0.93
"C2","2019-03-06 01:30:00",64.95,41.55,22.1,0.932
"C2","2019-03-06 01:40:00",64.78,40.52,22,0.93
"C2","2019-03-06 01:50:00",66.25,39.83,21.92,0.888
"C2","2019-03-06 02:00:00",65.1,41.07,22.12,0.929
"C2","2019-03-06 02:10:00",66.09,39.9,21.97,0.895
"C2","2019-03-06 02:20:00",64.93,39.56,22.08,0.931
"C2","2019-03-06 02:30:00",65.25,40.8,22.12,0.925
"C2","2019-03-06 02:40:00",65.39,40.04,22.05,0.918
"C2","2019-03-06 02:50:00",65.54,38.8,22.12,0.918
"C2","2019-03-06 03:00:00",65.2,40.8,22.12,0.927
"C2","2019-03-06 03:10:00",65.44,39.97,22.03,0.915
"C2","2019-03-06 03:20:00",65,39.21,22.15,0.934
"C2","2019-03-06 03:30:00",65.07,40.66,22.11,0.929
"C2","2019-03-06 03:40:00",64.98,39.83,22.14,0.933
"C2","2019-03-06 03:50:00",66.58,38.87,21.91,0.879
"C2","2019-03-06 04:00:00",65.2,40.31,22.1,0.925
"C2","2019-03-06 04:10:00",65.18,40.45,22.12,0.927
"C2","2019-03-06 04:20:00",65.37,39.14,22.12,0.922
"C2","2019-03-06 04:30:00",65.12,40.59,22.11,0.928
"C2","2019-03-06 04:40:00",66.24,40.25,21.96,0.89
"C2","2019-03-06 04:50:00",65.96,38.11,22.01,0.9
"C2","2019-03-06 05:00:00",65.21,40.8,22.08,0.924
"C2","2019-03-06 05:10:00",65.36,39.42,22.12,0.922
"C2","2019-03-06 05:20:00",64.96,38.59,22.03,0.928
"C2","2019-03-06 05:30:00",65.39,40.18,22.08,0.919
"C2","2019-03-06 05:40:00",65.38,39.63,22.09,0.92
"C2","2019-03-06 05:50:00",65.69,38.87,22,0.907
"C2","2019-03-06 06:00:00",65.48,40.25,22.1,0.918
"C2","2019-03-06 06:10:00",65.34,0,21.83,0.907
"C2","2019-03-06 06:20:00",64.71,0,21.85,0.924
"C2","2019-03-06 06:30:00",64.83,0,21.83,0.92
"C2","2019-03-06 06:40:00",64.73,0,21.83,0.922
"C2","2019-03-06 06:50:00",64.44,0,21.84,0.93
"C2","2019-03-06 07:00:00",64.73,0,21.84,0.923
"C2","2019-03-06 07:10:00",64.64,0,21.88,0.928
"C2","2019-03-06 07:20:00",64.46,0,21.85,0.931
"C2","2019-03-06 07:30:00",64.41,0,21.82,0.93
"C2","2019-03-06 07:40:00",64.31,0,21.84,0.934
"C2","2019-03-06 07:50:00",64.74,0,21.87,0.925
"C2","2019-03-06 08:00:00",64.9,0,21.89,0.922
"C2","2019-03-06 08:10:00",63.58,0,21.85,0.954
"C2","2019-03-06 08:20:00",54.77,0,22.06,1.2
"C2","2019-03-06 08:30:00",64.51,0,21.86,0.93
"C2","2019-03-06 08:40:00",62.75,0,21.99,0.984
"C2","2019-03-06 08:50:00",60.42,0,22.04,1.049
"C2","2019-03-06 09:00:00",61.13,0,22.06,1.031
"C2","2019-03-06 09:10:00",62.61,0,21.99,0.988
"C2","2019-03-06 09:20:00",61.65,0,22.05,1.017
"C2","2019-03-06 09:30:00",62.34,0,22.02,0.997
"C2","2019-03-06 09:40:00",63.97,0,21.9,0.947
"C2","2019-03-06 09:50:00",64.14,0,21.99,0.947
"C2","2019-03-06 10:00:00",64.56,0,22.02,0.938
"C2","2019-03-06 10:10:00",65.08,0,22.02,0.924
"C2","2019-03-06 10:20:00",64.51,0,22.11,0.944
"C2","2019-03-06 10:30:00",62,0,22.07,1.009
"C2","2019-03-06 10:40:00",65.08,0,21.98,0.922
"C2","2019-03-06 10:50:00",65.03,0,22.03,0.926
"C2","2019-03-06 11:00:00",65.02,0,22.07,0.928
"C2","2019-03-06 11:10:00",65.27,0,22.08,0.922
"C2","2019-03-06 11:20:00",65.33,0,22.11,0.923
"C2","2019-03-06 11:30:00",64.81,0,22.11,0.937
"C2","2019-03-06 11:40:00",64.67,0,22.06,0.937
"C2","2019-03-06 11:50:00",58.34,0.069,22.11,1.108
"C2","2019-03-06 12:00:00",53.87,0,22.1,1.227
"C2","2019-03-06 12:10:00",55.83,0,21.98,1.166
"C2","2019-03-06 12:20:00",63.88,0,21.91,0.95
"C2","2019-03-06 12:30:00",64.59,0,22.01,0.936
"C2","2019-03-06 12:40:00",64.93,0,22.1,0.933
"C2","2019-03-06 12:50:00",64.89,0.069,22.05,0.931
"C2","2019-03-06 13:00:00",65.14,0.069,22.09,0.926
"C2","2019-03-06 13:10:00",65.23,0,22.15,0.927
"C2","2019-03-06 13:20:00",65,0,22.05,0.928
"C2","2019-03-06 13:30:00",65.05,0,22.09,0.929
"C2","2019-03-06 13:40:00",64.91,0,22.07,0.931
"C2","2019-03-06 13:50:00",65.13,0,22.09,0.927
"C2","2019-03-06 14:00:00",65.52,0,22.05,0.914
"C2","2019-03-06 14:10:00",64.67,0,21.95,0.931
"C2","2019-03-06 14:20:00",64.74,0,22.07,0.936
"C2","2019-03-06 14:30:00",65.03,0,22.11,0.93
"C2","2019-03-06 14:40:00",65.08,0,22.09,0.928
"C2","2019-03-06 14:50:00",64.93,0,22.04,0.929
"C2","2019-03-06 15:00:00",65.21,0,22.12,0.926
"C2","2019-03-06 15:10:00",65.16,0,22.1,0.926
"C2","2019-03-06 15:20:00",65.39,0,22.1,0.921
"C2","2019-03-06 15:30:00",65.04,0,22.09,0.929
"C2","2019-03-06 15:40:00",64.88,0,22.12,0.935
"C2","2019-03-06 15:50:00",65.67,0,21.97,0.905
"C2","2019-03-06 16:00:00",64.92,0,22.12,0.934
"C2","2019-03-06 16:10:00",66.35,0,21.93,0.886
"C2","2019-03-06 16:20:00",65.24,0,22.01,0.919
"C2","2019-03-06 16:30:00",65.14,0,22.08,0.926
"C2","2019-03-06 16:40:00",65.48,0,21.99,0.912
"C2","2019-03-06 16:50:00",65.28,0,22.06,0.921
"C2","2019-03-06 17:00:00",65.45,0,22.1,0.919
"C2","2019-03-06 17:10:00",65.41,0,22.1,0.92
"C2","2019-03-06 17:20:00",65.22,0,22.07,0.923
"C2","2019-03-06 17:30:00",65.41,0.069,22.07,0.918
"C2","2019-03-06 17:40:00",65.21,0,22.07,0.923
"C2","2019-03-06 17:50:00",64.88,0,22.07,0.932
"C2","2019-03-06 18:00:00",65.2,0,22.06,0.923
"C2","2019-03-06 18:10:00",65.64,143.7,22.13,0.916
"C2","2019-03-06 18:20:00",68.09,153.1,22.13,0.85
"C2","2019-03-06 18:30:00",66.89,164.2,22.14,0.883
"C2","2019-03-06 18:40:00",67.73,147.1,22.14,0.86
"C2","2019-03-06 18:50:00",65.94,162.4,22.07,0.904
"C2","2019-03-06 19:00:00",67.3,150.5,22.15,0.872
"C2","2019-03-06 19:10:00",66.47,146.2,22.11,0.892
"C2","2019-03-06 19:20:00",66.1,165,22.12,0.902
"C2","2019-03-06 19:30:00",66.15,158.1,22.09,0.899
"C2","2019-03-06 19:40:00",67.85,167.5,22.11,0.856
"C2","2019-03-06 19:50:00",66.48,169.9,22.1,0.891
"C2","2019-03-06 20:00:00",66.77,175.2,22.12,0.885
"C2","2019-03-06 20:10:00",66.98,146.7,22.06,0.876
"C2","2019-03-06 20:20:00",66.63,164.8,22.13,0.889
"C2","2019-03-06 20:30:00",66.72,153.3,21.99,0.879
"C2","2019-03-06 20:40:00",67.92,147,22.16,0.856
"C2","2019-03-06 20:50:00",65.94,159.5,22.1,0.906
"C2","2019-03-06 21:00:00",67.82,152.5,22.07,0.854
"C2","2019-03-06 21:10:00",67.64,148,22.14,0.863
"C2","2019-03-06 21:20:00",66.42,161.6,22.11,0.893
"C2","2019-03-06 21:30:00",68.18,154.4,22.07,0.844
"C2","2019-03-06 21:40:00",66.77,146.4,22.1,0.884
"C2","2019-03-06 21:50:00",67.37,165,22.06,0.865
"C2","2019-03-06 22:00:00",67.58,161.2,22.14,0.864
"C2","2019-03-06 22:10:00",67.02,155.7,22.06,0.875
"C2","2019-03-06 22:20:00",68.31,171,22.08,0.842
"C2","2019-03-06 22:30:00",66.62,157.4,22.1,0.888
"C2","2019-03-06 22:40:00",68.13,144.9,22.07,0.846
"C2","2019-03-06 22:50:00",66.3,162,22.14,0.898
"C2","2019-03-06 23:00:00",67.32,147,22.11,0.869
"C2","2019-03-06 23:10:00",67.41,142.4,22.09,0.866
"C2","2019-03-06 23:20:00",67.19,158.8,22.13,0.874
"C2","2019-03-06 23:30:00",68.2,154.6,22.05,0.843
"C2","2019-03-06 23:40:00",66.82,152.3,22.17,0.886
"C2","2019-03-06 23:50:00",67.84,165.6,22.04,0.852
"C2","2019-03-07 00:00:00",67.89,157.1,22.13,0.855
"C2","2019-03-07 00:10:00",65.99,150.1,22.15,0.907
"C2","2019-03-07 00:20:00",67.32,167.2,22.08,0.868
"C2","2019-03-07 00:30:00",66.83,155.5,22.08,0.881
"C2","2019-03-07 00:40:00",67.73,147.5,22.11,0.859
"C2","2019-03-07 00:50:00",66.82,165.3,22.12,0.884
"C2","2019-03-07 01:00:00",68.04,156.4,22.08,0.849
"C2","2019-03-07 01:10:00",66.1,147.6,22.14,0.903
"C2","2019-03-07 01:20:00",67.63,166.4,22.09,0.86
"C2","2019-03-07 01:30:00",66.72,161.7,22.09,0.884
"C2","2019-03-07 01:40:00",67.51,152.6,22.11,0.864
"C2","2019-03-07 01:50:00",66,171,22.15,0.907
"C2","2019-03-07 02:00:00",67.42,161.8,22.07,0.865
"C2","2019-03-07 02:10:00",67.11,155.8,22.19,0.88
"C2","2019-03-07 02:20:00",66.88,175.3,22.11,0.881
"C2","2019-03-07 02:30:00",68.56,161.1,22.06,0.834
"C2","2019-03-07 02:40:00",66.84,151.3,22.16,0.885
"C2","2019-03-07 02:50:00",67.98,166.2,22.09,0.851
"C2","2019-03-07 03:00:00",66.72,160.4,22.1,0.885
"C2","2019-03-07 03:10:00",66.99,154,22.14,0.88
"C2","2019-03-07 03:20:00",66.46,168.9,22.07,0.89
"C2","2019-03-07 03:30:00",68,166.2,22.1,0.851
"C2","2019-03-07 03:40:00",66.35,148.4,22.12,0.896
"C2","2019-03-07 03:50:00",66.55,168.1,22.05,0.887
"C2","2019-03-07 04:00:00",67.51,162.3,22.04,0.861
"C2","2019-03-07 04:10:00",67.39,150.4,22.09,0.867
"C2","2019-03-07 04:20:00",66.31,168,22.14,0.898
"C2","2019-03-07 04:30:00",67.2,159.2,22.09,0.872
"C2","2019-03-07 04:40:00",66.22,154.2,22.17,0.902
"C2","2019-03-07 04:50:00",66.43,167.9,22.09,0.892
"C2","2019-03-07 05:00:00",67.01,155.1,22.02,0.873
"C2","2019-03-07 05:10:00",66.69,148.2,22.13,0.887
"C2","2019-03-07 05:20:00",65.99,160.8,22.09,0.904
"C2","2019-03-07 05:30:00",67.17,152.5,22.03,0.869
"C2","2019-03-07 05:40:00",67.38,148.2,22.08,0.867
"C2","2019-03-07 05:50:00",66.73,160.6,22.07,0.883
"C2","2019-03-07 06:00:00",65.83,147.8,22.04,0.906
"C2","2019-03-07 06:10:00",71.5,0,21.73,0.741
"C2","2019-03-07 06:20:00",71.8,0,21.81,0.737
"C2","2019-03-07 06:30:00",70.5,0,21.79,0.769
"C2","2019-03-07 06:40:00",66.21,0,21.81,0.883
"C2","2019-03-07 06:50:00",64.43,0,21.8,0.928
"C2","2019-03-07 07:00:00",64.81,0,21.93,0.926
"C2","2019-03-07 07:10:00",64.84,0,21.81,0.919
"C2","2019-03-07 07:20:00",64.65,0,21.83,0.925
"C2","2019-03-07 07:30:00",64.44,0,21.82,0.929
"C2","2019-03-07 07:40:00",64.57,0,21.82,0.926
"C2","2019-03-07 07:50:00",64.64,0,21.83,0.925
"C2","2019-03-07 08:00:00",64.55,0,21.85,0.928
"C2","2019-03-07 08:10:00",64.5,0,21.84,0.929
"C2","2019-03-07 08:20:00",64.29,0,21.83,0.934
"C2","2019-03-07 08:30:00",64.42,0,21.83,0.931
"C2","2019-03-07 08:40:00",64.77,0,21.82,0.921
"C2","2019-03-07 08:50:00",64.66,0,21.83,0.924
"C2","2019-03-07 09:00:00",64.44,0,21.82,0.93
"C2","2019-03-07 09:10:00",64.64,0,21.84,0.925
"C2","2019-03-07 09:20:00",64.59,0,21.86,0.928
"C2","2019-03-07 09:30:00",64.89,0,21.84,0.919
"C2","2019-03-07 09:40:00",64.49,0,21.84,0.929
"C2","2019-03-07 09:50:00",64.7,0.069,21.83,0.923
"C2","2019-03-07 10:00:00",64.59,0,21.86,0.927
"C2","2019-03-07 10:10:00",64.6,0,21.85,0.927
"C2","2019-03-07 10:20:00",64.78,0,21.84,0.922
"C2","2019-03-07 10:30:00",64.31,0,21.84,0.934
"C2","2019-03-07 10:40:00",64.54,0,21.84,0.928
"C2","2019-03-07 10:50:00",64.36,0,21.83,0.932
"C2","2019-03-07 11:00:00",64.53,0,21.84,0.929
"C2","2019-03-07 11:10:00",64.72,0,21.84,0.923
"C2","2019-03-07 11:20:00",64.63,0,21.84,0.926
"C2","2019-03-07 11:30:00",64.66,0,21.9,0.928
"C2","2019-03-07 11:40:00",64.63,0,21.85,0.926
"C2","2019-03-07 11:50:00",64.81,0,21.86,0.922
"C2","2019-03-07 12:00:00",64.37,0,21.83,0.932
"C2","2019-03-07 12:10:00",64.38,0,21.83,0.932
"C2","2019-03-07 12:20:00",64.49,0,21.85,0.93
"C2","2019-03-07 12:30:00",64.38,0,21.83,0.931
"C2","2019-03-07 12:40:00",64.75,0,21.97,0.93
"C2","2019-03-07 12:50:00",64.63,0,21.85,0.926
"C2","2019-03-07 13:00:00",64.53,0,21.85,0.929
"C2","2019-03-07 13:10:00",64.44,0,21.83,0.93
"C2","2019-03-07 13:20:00",64.38,0,21.82,0.931
"C2","2019-03-07 13:30:00",64.12,0,21.84,0.939
"C2","2019-03-07 13:40:00",64.51,0,21.83,0.928
"C2","2019-03-07 13:50:00",64.49,0,21.81,0.928
"C2","2019-03-07 14:00:00",64.45,0,21.84,0.93
"C2","2019-03-07 14:10:00",64.34,0,21.81,0.932
"C2","2019-03-07 14:20:00",64.6,0,21.85,0.927
"C2","2019-03-07 14:30:00",64.39,0,21.81,0.93
"C2","2019-03-07 14:40:00",64.34,0,21.83,0.933
"C2","2019-03-07 14:50:00",63.92,0,21.84,0.945
"C2","2019-03-07 15:00:00",64.53,0,21.83,0.928
"C2","2019-03-07 15:10:00",64.41,0.069,21.81,0.93
"C2","2019-03-07 15:20:00",64.32,0,21.79,0.931
"C2","2019-03-07 15:30:00",64.45,0,21.86,0.931
"C2","2019-03-07 15:40:00",64.44,0,21.82,0.93
"C2","2019-03-07 15:50:00",64.4,0,21.82,0.931
"C2","2019-03-07 16:00:00",64.38,0,21.86,0.933
"C2","2019-03-07 16:10:00",64.45,0.069,21.83,0.93
"C2","2019-03-07 16:20:00",64.6,0,21.87,0.928
"C2","2019-03-07 16:30:00",64.28,0,21.83,0.934
"C2","2019-03-07 16:40:00",64.39,0,21.83,0.931
"C2","2019-03-07 16:50:00",64.52,0,21.83,0.928
"C2","2019-03-07 17:00:00",64.51,0,21.85,0.929
"C2","2019-03-07 17:10:00",64.19,0,21.82,0.936
"C2","2019-03-07 17:20:00",64.1,0,21.8,0.937
"C2","2019-03-07 17:30:00",64.25,0,21.81,0.934
"C2","2019-03-07 17:40:00",64.29,0,21.81,0.933
"C2","2019-03-07 17:50:00",64.43,0,21.8,0.929
"C2","2019-03-07 18:00:00",64.43,0,21.83,0.93
"C2","2019-03-07 18:10:00",64.62,139.1,22.06,0.939
"C2","2019-03-07 18:20:00",66.07,167.8,22.11,0.903
"C2","2019-03-07 18:30:00",64.7,184.4,22.1,0.939
"C2","2019-03-07 18:40:00",66.59,183.1,21.98,0.882
"C2","2019-03-07 18:50:00",66.27,163.1,22.04,0.894
"C2","2019-03-07 19:00:00",65.18,160.4,22.16,0.93
"C2","2019-03-07 19:10:00",66.19,160.5,22.06,0.897
"C2","2019-03-07 19:20:00",66.31,153.5,22.12,0.897
"C2","2019-03-07 19:30:00",65.95,165.1,22.06,0.904
"C2","2019-03-07 19:40:00",66.77,159.8,22.09,0.883
"C2","2019-03-07 19:50:00",65.4,163.5,22.16,0.924
"C2","2019-03-07 20:00:00",66.31,176,22.04,0.893
"C2","2019-03-07 20:10:00",66.54,187.1,21.98,0.884
"C2","2019-03-07 20:20:00",67.4,175.6,22.05,0.864
"C2","2019-03-07 20:30:00",65.02,162.6,22.08,0.929
"C2","2019-03-07 20:40:00",66.61,163.7,22,0.882
"C2","2019-03-07 20:50:00",67.95,155.4,22.05,0.85
"C2","2019-03-07 21:00:00",65.18,163.7,22.15,0.928
"C2","2019-03-07 21:10:00",66.15,161,22.09,0.899
"C2","2019-03-07 21:20:00",67.03,153.2,22.07,0.875
"C2","2019-03-07 21:30:00",66,161.8,22.13,0.906
"C2","2019-03-07 21:40:00",65.39,156.1,22.05,0.918
"C2","2019-03-07 21:50:00",66.07,152.5,22.09,0.902
"C2","2019-03-07 22:00:00",66.38,166.7,22.08,0.893
"C2","2019-03-07 22:10:00",67.11,164.8,22.13,0.876
"C2","2019-03-07 22:20:00",66.27,152.2,22.07,0.895
"C2","2019-03-07 22:30:00",65.94,164.6,22.05,0.903
"C2","2019-03-07 22:40:00",65.27,158.1,22.14,0.926
"C2","2019-03-07 22:50:00",66.61,151,22.02,0.884
"C2","2019-03-07 23:00:00",66.6,163.3,22.01,0.883
"C2","2019-03-07 23:10:00",66.5,157.3,22.13,0.892
"C2","2019-03-07 23:20:00",65.7,151.3,22.07,0.911
"C2","2019-03-07 23:30:00",66.44,165,22.13,0.894
"C2","2019-03-07 23:40:00",65.28,164.2,22.12,0.925
"C2","2019-03-07 23:50:00",66.35,154.6,22.08,0.894
"C2","2019-03-08 00:00:00",66.25,166.6,22.03,0.894
"C2","2019-03-08 00:10:00",66.71,162.8,22.12,0.887
"C2","2019-03-08 00:20:00",65.67,150.3,22.11,0.914
"C2","2019-03-08 00:30:00",66,164.7,22.08,0.903
"C2","2019-03-08 00:40:00",66.06,165,22.09,0.902
"C2","2019-03-08 00:50:00",65.04,147.7,22.11,0.93
"C2","2019-03-08 01:00:00",66.32,157.3,21.99,0.89
"C2","2019-03-08 01:10:00",67.33,158.6,22.03,0.866
"C2","2019-03-08 01:20:00",67.06,147.3,22.02,0.872
"C2","2019-03-08 01:30:00",65.06,161.4,22.1,0.929
"C2","2019-03-08 01:40:00",66.29,158.5,22.02,0.892
"C2","2019-03-08 01:50:00",67.28,154.4,22.01,0.865
"C2","2019-03-08 02:00:00",64.82,158,22.13,0.937
"C2","2019-03-08 02:10:00",66.34,158.4,21.96,0.888
"C2","2019-03-08 02:20:00",67.07,170.2,22,0.87
"C2","2019-03-08 02:30:00",66.22,186.3,22.07,0.897
"C2","2019-03-08 02:40:00",64.85,185.9,22.02,0.93
"C2","2019-03-08 02:50:00",66.06,161.9,21.98,0.896
"C2","2019-03-08 03:00:00",66.1,165.7,22.07,0.9
"C2","2019-03-08 03:10:00",66.52,160.1,22.1,0.89
"C2","2019-03-08 03:20:00",65.55,150.1,22.05,0.913
"C2","2019-03-08 03:30:00",66.15,162.7,22.07,0.899
"C2","2019-03-08 03:40:00",65.79,160.7,22.03,0.906
"C2","2019-03-08 03:50:00",65.82,154.7,22.02,0.904
"C2","2019-03-08 04:00:00",64.6,162.6,22.01,0.936
"C2","2019-03-08 04:10:00",66.7,160.2,21.97,0.879
"C2","2019-03-08 04:20:00",66.5,147.5,22.05,0.888
"C2","2019-03-08 04:30:00",66.19,159.6,22.1,0.899
"C2","2019-03-08 04:40:00",65.94,155.1,22.11,0.906
"C2","2019-03-08 04:50:00",65.21,145.5,21.99,0.92
"C2","2019-03-08 05:00:00",65.91,156.6,21.99,0.901
"C2","2019-03-08 05:10:00",65.49,155,22.04,0.915
"C2","2019-03-08 05:20:00",66.86,148.6,22.09,0.881
"C2","2019-03-08 05:30:00",65.15,161.9,22.08,0.926
"C2","2019-03-08 05:40:00",65.56,157.7,22.07,0.914
"C2","2019-03-08 05:50:00",65.07,150.7,22.13,0.931
"C2","2019-03-08 06:00:00",65.03,160.6,22,0.924
"C2","2019-03-08 06:10:00",70,0,21.62,0.775
"C2","2019-03-08 06:20:00",67.71,0,21.81,0.844
"C2","2019-03-08 06:30:00",64.89,0,21.79,0.916
"C2","2019-03-08 06:40:00",64.42,0,21.77,0.927
"C2","2019-03-08 06:50:00",64.61,0,21.79,0.923
"C2","2019-03-08 07:00:00",64.55,0,21.79,0.925
"C2","2019-03-08 07:10:00",64.46,0,21.8,0.928
"C2","2019-03-08 07:20:00",64.69,0,21.8,0.922
"C2","2019-03-08 07:30:00",64.35,0,21.81,0.931
"C2","2019-03-08 07:40:00",64.44,0,21.79,0.928
"C2","2019-03-08 07:50:00",64.6,0,21.83,0.926
"C2","2019-03-08 08:00:00",64.58,0,21.81,0.925
"C2","2019-03-08 08:10:00",64.42,0,21.81,0.93
"C2","2019-03-08 08:20:00",64.5,0,21.81,0.927
"C2","2019-03-08 08:30:00",64.18,0,21.8,0.935
"C2","2019-03-08 08:40:00",64.16,0,21.79,0.935
"C2","2019-03-08 08:50:00",64.38,0,21.82,0.931
"C2","2019-03-08 09:00:00",64.07,0,21.81,0.939
"C2","2019-03-08 09:10:00",64.1,0,21.82,0.939
"C2","2019-03-08 09:20:00",64.43,0,21.81,0.929
"C2","2019-03-08 09:30:00",64.29,0,21.79,0.932
"C2","2019-03-08 09:40:00",64.4,0,21.87,0.934
"C2","2019-03-08 09:50:00",64.65,0,21.82,0.924
"C2","2019-03-08 10:00:00",64.31,0.069,21.84,0.934
"C2","2019-03-08 10:10:00",64.36,0,21.81,0.931
"C2","2019-03-08 10:20:00",64.29,0,21.82,0.933
"C2","2019-03-08 10:30:00",64.35,0.069,21.81,0.932
"C2","2019-03-08 10:40:00",64.6,0,21.86,0.928
"C2","2019-03-08 10:50:00",64.43,0,21.85,0.931
"C2","2019-03-08 11:00:00",64.35,0,21.8,0.931
"C2","2019-03-08 11:10:00",64.29,0,21.85,0.935
"C2","2019-03-08 11:20:00",64.47,0,21.84,0.93
"C2","2019-03-08 11:30:00",64.51,0,21.88,0.931
"C2","2019-03-08 11:40:00",64.38,0,21.81,0.93
"C2","2019-03-08 11:50:00",64.67,0,21.82,0.923
"C2","2019-03-08 12:00:00",64.35,0,21.82,0.932
"C2","2019-03-08 12:10:00",64.64,0,21.83,0.925
"C2","2019-03-08 12:20:00",64.29,0,21.83,0.934
"C2","2019-03-08 12:30:00",64.21,0,21.84,0.937
"C2","2019-03-08 12:40:00",64.17,0,21.85,0.938
"C2","2019-03-08 12:50:00",57.96,0,21.92,1.106
"C2","2019-03-08 13:00:00",63.07,0,21.96,0.974
"C2","2019-03-08 13:10:00",64.16,0,21.84,0.938
"C2","2019-03-08 13:20:00",64.55,0,21.8,0.926
"C2","2019-03-08 13:30:00",64.56,0,21.82,0.927
"C2","2019-03-08 13:40:00",64.01,0,21.87,0.944
"C2","2019-03-08 13:50:00",64.66,0,21.83,0.924
"C2","2019-03-08 14:00:00",64.32,0.069,21.87,0.936
"C2","2019-03-08 14:10:00",64.35,0,21.86,0.934
"C2","2019-03-08 14:20:00",64.53,0,21.83,0.928
"C2","2019-03-08 14:30:00",64.46,0.069,21.84,0.93
"C2","2019-03-08 14:40:00",64.21,0,21.84,0.937
"C2","2019-03-08 14:50:00",64.23,0,21.81,0.934
"C2","2019-03-08 15:00:00",64.34,0,21.85,0.934
"C2","2019-03-08 15:10:00",64.55,0,21.83,0.927
"C2","2019-03-08 15:20:00",64.13,0,21.84,0.938
"C2","2019-03-08 15:30:00",64.13,0,21.83,0.938
"C2","2019-03-08 15:40:00",64.23,0,21.84,0.936
"C2","2019-03-08 15:50:00",64.32,0,21.84,0.934
"C2","2019-03-08 16:00:00",64.37,0,21.83,0.932
"C2","2019-03-08 16:10:00",64.48,0,21.85,0.931
"C2","2019-03-08 16:20:00",64.56,0,21.82,0.927
"C2","2019-03-08 16:30:00",64.64,0,21.89,0.928
"C2","2019-03-08 16:40:00",64.47,0,21.82,0.929
"C2","2019-03-08 16:50:00",64.56,0,21.81,0.926
"C2","2019-03-08 17:00:00",64.43,0,21.89,0.934
"C2","2019-03-08 17:10:00",64.62,0,21.88,0.928
"C2","2019-03-08 17:20:00",64.56,0,21.84,0.927
"C2","2019-03-08 17:30:00",64.53,0,21.83,0.928
"C2","2019-03-08 17:40:00",64.36,0,21.86,0.934
"C2","2019-03-08 17:50:00",63.86,0,21.76,0.942
"C2","2019-03-08 18:00:00",64.62,0,21.88,0.929
"C2","2019-03-08 18:10:00",64.37,167.5,22.1,0.948
"C2","2019-03-08 18:20:00",65.54,194,22.14,0.919
"C2","2019-03-08 18:30:00",66.07,187.8,22.04,0.899
"C2","2019-03-08 18:40:00",66.49,190.4,22.12,0.892
"C2","2019-03-08 18:50:00",65.57,195.7,22.08,0.915
"C2","2019-03-08 19:00:00",65.46,189.9,22.05,0.916
"C2","2019-03-08 19:10:00",66.9,176.6,22.04,0.877
"C2","2019-03-08 19:20:00",66.29,184.7,22.08,0.895
"C2","2019-03-08 19:30:00",65.59,187,22.06,0.913
"C2","2019-03-08 19:40:00",66.05,188.2,22.04,0.9
"C2","2019-03-08 19:50:00",66.76,191.3,22.08,0.883
"C2","2019-03-08 20:00:00",65.32,188.7,22.07,0.921
"C2","2019-03-08 20:10:00",65.93,192.9,22.03,0.902
"C2","2019-03-08 20:20:00",66.45,189.9,22.08,0.891
"C2","2019-03-08 20:30:00",65.99,193.2,22.1,0.904
"C2","2019-03-08 20:40:00",65.97,190.4,22.02,0.901
"C2","2019-03-08 20:50:00",66.43,190.6,22.05,0.89
"C2","2019-03-08 21:00:00",66.42,195,22.07,0.891
"C2","2019-03-08 21:10:00",65.99,192.3,22.03,0.901
"C2","2019-03-08 21:20:00",66.5,189.1,22.02,0.887
"C2","2019-03-08 21:30:00",66.68,190.1,22.08,0.885
"C2","2019-03-08 21:40:00",65.61,184.1,22.09,0.914
"C2","2019-03-08 21:50:00",66.89,189.5,22,0.875
"C2","2019-03-08 22:00:00",66.38,192.5,22.04,0.891
"C2","2019-03-08 22:10:00",66.22,191.5,22.07,0.897
"C2","2019-03-08 22:20:00",65.59,183.2,22,0.909
"C2","2019-03-08 22:30:00",66.65,187.8,21.98,0.88
"C2","2019-03-08 22:40:00",66.47,181.6,22.09,0.891
"C2","2019-03-08 22:50:00",64.65,184.1,22.04,0.937
"C2","2019-03-08 23:00:00",66.23,184.8,21.96,0.89
"C2","2019-03-08 23:10:00",67.13,184.1,22.02,0.87
"C2","2019-03-08 23:20:00",66.31,191,22.09,0.895
"C2","2019-03-08 23:30:00",65.39,187.1,22.04,0.917
"C2","2019-03-08 23:40:00",66.24,188.4,22.01,0.893
"C2","2019-03-08 23:50:00",66.21,188.2,22.06,0.896
"C2","2019-03-09 00:00:00",65.7,187,22.03,0.909
"C2","2019-03-09 00:10:00",66.2,189.2,21.96,0.891
"C2","2019-03-09 00:20:00",66.18,188.5,22.04,0.896
"C2","2019-03-09 00:30:00",66.22,188.5,22.05,0.896
"C2","2019-03-09 00:40:00",65.33,191.9,22.04,0.919
"C2","2019-03-09 00:50:00",66.73,192.5,21.96,0.878
"C2","2019-03-09 01:00:00",66.24,188.4,22.04,0.895
"C2","2019-03-09 01:10:00",65.52,187.7,22.02,0.912
"C2","2019-03-09 01:20:00",66.62,188.5,22.06,0.886
"C2","2019-03-09 01:30:00",65.01,191.2,22.05,0.928
"C2","2019-03-09 01:40:00",66.8,191.6,21.98,0.876
"C2","2019-03-09 01:50:00",66.79,195,22.04,0.88
"C2","2019-03-09 02:00:00",65.83,192.8,22.08,0.908
"C2","2019-03-09 02:10:00",65.44,194.5,22.04,0.916
"C2","2019-03-09 02:20:00",66.35,196,21.93,0.886
"C2","2019-03-09 02:30:00",66.58,191.9,22.06,0.886
"C2","2019-03-09 02:40:00",65.57,190.6,22.01,0.911
"C2","2019-03-09 02:50:00",66.85,192.4,21.96,0.874
"C2","2019-03-09 03:00:00",66.34,192.6,22.08,0.894
"C2","2019-03-09 03:10:00",65.77,195.6,22.02,0.906
"C2","2019-03-09 03:20:00",66.96,190.8,21.92,0.87
"C2","2019-03-09 03:30:00",66.42,193,22.09,0.893
"C2","2019-03-09 03:40:00",65.48,189.4,22.03,0.915
"C2","2019-03-09 03:50:00",66.8,191.3,21.93,0.874
"C2","2019-03-09 04:00:00",66.58,195.3,22.07,0.887
"C2","2019-03-09 04:10:00",65.59,192.1,22.08,0.914
"C2","2019-03-09 04:20:00",66.15,188.9,21.99,0.894
"C2","2019-03-09 04:30:00",66.64,193.3,22,0.882
"C2","2019-03-09 04:40:00",66.32,193.9,22.07,0.894
"C2","2019-03-09 04:50:00",65.55,189.6,22.03,0.912
"C2","2019-03-09 05:00:00",66.4,193.4,21.95,0.885
"C2","2019-03-09 05:10:00",66.43,188.3,22.08,0.892
"C2","2019-03-09 05:20:00",65.38,181.6,22.02,0.917
"C2","2019-03-09 05:30:00",66.32,184.6,21.99,0.89
"C2","2019-03-09 05:40:00",66.89,191.1,22.02,0.876
"C2","2019-03-09 05:50:00",65.03,189.4,22.14,0.932
"C2","2019-03-09 06:00:00",66.27,191,21.97,0.89
"C2","2019-03-09 06:10:00",68.82,0,21.8,0.814
"C2","2019-03-09 06:20:00",68.95,0,21.79,0.81
"C2","2019-03-09 06:30:00",66.3,0,21.79,0.879
"C2","2019-03-09 06:40:00",64.51,0,21.79,0.926
"C2","2019-03-09 06:50:00",64.45,0,21.79,0.927
"C2","2019-03-09 07:00:00",64.82,0,21.79,0.918
"C2","2019-03-09 07:10:00",64.44,0,21.8,0.928
"C2","2019-03-09 07:20:00",64.32,0,21.83,0.933
"C2","2019-03-09 07:30:00",64.14,0,21.8,0.936
"C2","2019-03-09 07:40:00",64.47,0,21.82,0.929
"C2","2019-03-09 07:50:00",64.25,0,21.82,0.935
"C2","2019-03-09 08:00:00",64.44,0,21.82,0.93
"C2","2019-03-09 08:10:00",64.62,0,21.87,0.928
"C2","2019-03-09 08:20:00",64.25,0.138,21.8,0.933
"C2","2019-03-09 08:30:00",64.29,0,21.82,0.933
"C2","2019-03-09 08:40:00",64.4,0,21.82,0.931
"C2","2019-03-09 08:50:00",64.29,0,21.83,0.934
"C2","2019-03-09 09:00:00",64.29,0,21.82,0.934
"C2","2019-03-09 09:10:00",64.55,0,21.81,0.926
"C2","2019-03-09 09:20:00",64.25,0,21.83,0.935
"C2","2019-03-09 09:30:00",64.21,0,21.83,0.936
"C2","2019-03-09 09:40:00",64.31,0,21.82,0.933
"C2","2019-03-09 09:50:00",64.5,0,21.87,0.931
"C2","2019-03-09 10:00:00",64.27,0,21.81,0.934
"C2","2019-03-09 10:10:00",64.39,0,21.84,0.932
"C2","2019-03-09 10:20:00",64.5,0,21.84,0.929
"C2","2019-03-09 10:30:00",64.43,0,21.84,0.931
"C2","2019-03-09 10:40:00",64.5,0,21.82,0.928
"C2","2019-03-09 10:50:00",64.22,0,21.84,0.937
"C2","2019-03-09 11:00:00",64.55,0,21.83,0.927
"C2","2019-03-09 11:10:00",64.51,0,21.86,0.93
"C2","2019-03-09 11:20:00",64.46,0,21.88,0.932
"C2","2019-03-09 11:30:00",64.58,0,21.85,0.928
"C2","2019-03-09 11:40:00",64.58,0,21.84,0.927
"C2","2019-03-09 11:50:00",64.52,0.069,21.85,0.929
"C2","2019-03-09 12:00:00",64.75,0,21.84,0.922
"C2","2019-03-09 12:10:00",64.7,0,21.9,0.927
"C2","2019-03-09 12:20:00",64.28,0,21.84,0.935
"C2","2019-03-09 12:30:00",64.3,0,21.85,0.935
"C2","2019-03-09 12:40:00",64.57,0,21.86,0.928
"C2","2019-03-09 12:50:00",64.62,0,21.84,0.926
"C2","2019-03-09 13:00:00",64.4,0,21.86,0.933
"C2","2019-03-09 13:10:00",64.66,0,21.9,0.928
"C2","2019-03-09 13:20:00",64.66,0,21.86,0.926
"C2","2019-03-09 13:30:00",64.62,0,21.89,0.929
"C2","2019-03-09 13:40:00",64.99,0,21.9,0.92
"C2","2019-03-09 13:50:00",64.71,0,21.9,0.927
"C2","2019-03-09 14:00:00",64.67,0,21.89,0.927
"C2","2019-03-09 14:10:00",64.51,0,21.88,0.931
"C2","2019-03-09 14:20:00",64.98,0,21.92,0.921
"C2","2019-03-09 14:30:00",64.68,0,21.93,0.93
"C2","2019-03-09 14:40:00",64.93,0,21.96,0.925
"C2","2019-03-09 14:50:00",64.89,0,21.94,0.925
"C2","2019-03-09 15:00:00",64.77,0,21.94,0.928
"C2","2019-03-09 15:10:00",64.85,0,21.94,0.926
"C2","2019-03-09 15:20:00",64.75,0,21.98,0.93
"C2","2019-03-09 15:30:00",64.69,0,21.98,0.932
"C2","2019-03-09 15:40:00",64.95,0,21.97,0.925
"C2","2019-03-09 15:50:00",64.58,0,21.99,0.936
"C2","2019-03-09 16:00:00",64.99,0,22,0.925
"C2","2019-03-09 16:10:00",64.8,0.069,21.98,0.929
"C2","2019-03-09 16:20:00",64.8,0,21.98,0.929
"C2","2019-03-09 16:30:00",64.77,0,22.02,0.932
"C2","2019-03-09 16:40:00",64.81,0,22.01,0.931
"C2","2019-03-09 16:50:00",64.93,0.069,22.02,0.928
"C2","2019-03-09 17:00:00",64.98,0,22.04,0.928
"C2","2019-03-09 17:10:00",64.93,0,22.03,0.928
"C2","2019-03-09 17:20:00",64.86,0,22.02,0.93
"C2","2019-03-09 17:30:00",64.59,0,22.01,0.937
"C2","2019-03-09 17:40:00",64.9,0,21.99,0.927
"C2","2019-03-09 17:50:00",64.87,0,21.99,0.928
"C2","2019-03-09 18:00:00",64.87,0,21.99,0.928
"C2","2019-03-09 18:10:00",64.8,166.3,22.17,0.941
"C2","2019-03-09 18:20:00",66.23,184.5,22.16,0.901
"C2","2019-03-09 18:30:00",66.74,191.4,22.07,0.883
"C2","2019-03-09 18:40:00",65.73,189.6,22.14,0.913
"C2","2019-03-09 18:50:00",66.69,189.2,22.08,0.885
"C2","2019-03-09 19:00:00",65.84,193.2,22.13,0.91
"C2","2019-03-09 19:10:00",65.95,179.5,22.1,0.906
"C2","2019-03-09 19:20:00",67.59,194,22.07,0.86
"C2","2019-03-09 19:30:00",65.96,189.2,22.12,0.906
"C2","2019-03-09 19:40:00",67.6,190.7,22.06,0.859
"C2","2019-03-09 19:50:00",65.94,183.7,22.14,0.908
"C2","2019-03-09 20:00:00",67.03,190.9,22.04,0.874
"C2","2019-03-09 20:10:00",67.58,190,22.07,0.86
"C2","2019-03-09 20:20:00",66.48,184.9,22.12,0.892
"C2","2019-03-09 20:30:00",66.46,188.7,22.02,0.888
"C2","2019-03-09 20:40:00",67.44,191.5,22.08,0.865
"C2","2019-03-09 20:50:00",66.86,188.6,22.1,0.881
"C2","2019-03-09 21:00:00",66.48,191.5,22.04,0.888
"C2","2019-03-09 21:10:00",67.69,187.6,22.08,0.858
"C2","2019-03-09 21:20:00",66.34,189.9,22.15,0.898
"C2","2019-03-09 21:30:00",66.99,189,22.03,0.874
"C2","2019-03-09 21:40:00",66.55,186.7,22.15,0.892
"C2","2019-03-09 21:50:00",67.29,186.4,22.05,0.867
"C2","2019-03-09 22:00:00",66.31,194.3,22.11,0.897
"C2","2019-03-09 22:10:00",66.39,193.5,22.06,0.891
"C2","2019-03-09 22:20:00",67.05,191.6,22.11,0.877
"C2","2019-03-09 22:30:00",66.45,190.1,22.13,0.894
"C2","2019-03-09 22:40:00",66.07,188.6,22.06,0.9
"C2","2019-03-09 22:50:00",67.93,189,22.1,0.853
"C2","2019-03-09 23:00:00",66.04,186.2,22.11,0.903
"C2","2019-03-09 23:10:00",67.07,184.5,22.06,0.873
"C2","2019-03-09 23:20:00",67.06,188.8,22.13,0.877
"C2","2019-03-09 23:30:00",66.46,192.1,22.14,0.894
"C2","2019-03-09 23:40:00",66.97,189.4,22.04,0.875
"C2","2019-03-09 23:50:00",67.15,192.3,22.11,0.874
"C2","2019-03-10 00:00:00",66.12,194.6,22.06,0.899
