"idGenotype","idWatering","SWC_drop","idPot","idPeriod","diel_trend","diel_trend_baseline","E_diel_obs","A_rapid_op_obs","A_rapid_op_transition_obs","A_rapid_op_stable_obs","A_rapid_clo_obs","E_EON_before_obs","E_EON_obs","E_day_mean_obs","E_day_max_obs","t_day_max_obs","sigma_day_obs","Delta_day_obs","Sigma_preclo_obs","E_night_mean_obs","E_night_min_obs","t_night_min_obs","sigma_night_obs","Delta_night_obs","Sigma_preop_obs","t1_fit","t2_fit","adjR2","RMSE","E_EON_before_mod","E_EON_mod","E_mean","A_SQW","A1","phi1","A2","phi2","acclim_slope","E_day_mean_mod","E_day_max_mod","t_day_max_mod","sigma_day_mod","Delta_day_mod","Sigma_preclo_mod","E_night_mean_mod","E_night_min_mod","t_night_min_mod","sigma_night_mod","Delta_night_mod","Sigma_preop_mod"
"Col-0","WW","moderate",73,"Control",0.0120549435760979,1.31545993633444,1.33211055048743,0.863497281791519,NA,0.863497281791519,0.964294480570807,NA,0.946311870112756,1.83802059450258,1.91767130114007,0.208333333333333,-0.275099107253224,4.06601008031783,2.35497504019209,0.826200506472285,0.713696349107964,0.520833333333333,0.485458478618695,-0.16431565556488,4.65082562923431,-0.5,1,0.998303994275519,0.0191753507227155,NA,0.938443592437348,1.33211055048744,0.438234360203253,0.137089919385992,0.0984873601011541,0.0391893589443904,-0.162337130261197,NA,1.84134114750423,1.92090405236005,0.219276094276094,-0.353830064849316,4.21135623213364,2.56958343548184,0.825319336423417,0.735964529801591,0.593434343434343,0.368001577612601,-1.04386942620676,3.63513421762459
"Col-0","WW","fast",74,"Control",-0.168573025985873,1.33857198375541,1.42194501509923,0.886794458207388,NA,0.886794458207388,1.070763296777,NA,1.03168796625473,1.96020380802873,2.05595573580264,0.208333333333333,-0.247718425304322,4.36624947197732,2.66936245813171,0.883686222169733,0.729020715560121,0.520833333333333,0.631653392753958,0.143937270531796,6.4091493599101,-0.5,1,0.997292024685837,0.0258787025301496,NA,1.00284791377018,1.42194501509923,0.470774753495753,0.147459228736184,0.112031110050979,0.0543210798652268,-0.175466628020603,NA,1.96386870728317,2.05059392889069,0.233796296296296,-0.412986497892718,4.65876656847009,2.73493433630961,0.883161296836387,0.762545807592674,0.588594276094276,0.441533473099106,-0.581577312596355,4.93344613274677
"Col-0","WW","fast",75,"Control",-0.0571843755785504,1.40312032724487,1.41614758729934,0.906998643614497,NA,0.906998643614497,1.0054188352241,NA,0.98585156134121,1.94709347570539,2.03666827622262,0.208333333333333,-0.224133618216066,4.66309224492278,2.59861133138257,0.885201698893295,0.780034011003077,0.520833333333333,0.42953227896654,0.0975850295537604,4.35800832155311,-0.5,1,0.9966811899878,0.0281281946002279,NA,0.984560541569467,1.41614758729935,0.465225258969241,0.132348313151009,0.0973304573823834,0.0454685488125069,-0.15465685296653,NA,1.950590155307,2.03544443149152,0.224116161616162,-0.339387514143286,4.44295071630315,2.65751414889855,0.884618037254953,0.795428127759904,0.583754208754209,0.351249618494755,-0.660458937577371,3.64876609656294
"Col-0","WW","moderate",76,"Control",0.00928935843950485,1.34193992173159,1.3678470124545,0.831941401724049,NA,0.831941401724049,1.00280258467747,NA,0.981681588030157,1.87976305992164,1.99875402484624,0.0416666666666667,-0.186960804019324,4.79229535283327,4.55992904326085,0.855930964987347,0.72123501981748,0.520833333333333,0.543540664096022,0.193218957944364,5.58446291994685,-0.5,1,0.996528500262486,0.0278068663607558,NA,0.96915785652059,1.3678470124545,0.469022586592522,0.119481707552865,0.144309194872446,0.0296103631569584,-0.175900108653928,NA,1.88194782387311,1.94520364732801,0.185395622895623,-0.403247393770417,2.77329136444624,2.39727721671578,0.855452638843197,0.75323528477062,0.578914141414141,0.418962045485843,-0.557518218356004,4.20077028667934
"Col-0","WW","fast",77,"Control",-0.0830208787800198,1.42432741837705,1.4602026270501,0.922661443779275,NA,0.922661443779275,1.12647919517453,NA,1.02376725826976,2.02415031474922,2.11975872795019,0.208333333333333,-0.162435432069477,5.03878039056716,2.74127661241636,0.89625493935099,0.742115862341209,0.520833333333333,0.587794217590013,0.575137974765974,6.40532187048687,-0.5,1,0.997637573420546,0.0252418848331028,NA,1.00296800705392,1.4602026270501,0.49756705447122,0.141938543421244,0.108387241007934,0.0539412719544085,-0.159221944784822,NA,2.02791161885255,2.12033284493477,0.224116161616162,-0.392773501984096,4.7855817161449,2.91671061529103,0.895894925116164,0.785913767213196,0.578914141414141,0.410094725145155,-0.369079268526074,4.51601004794444
"Col-0","WW","fast",78,"Control",-0.173944469031867,1.47686914193998,1.58382312088692,1.03922800955233,NA,1.03922800955233,1.2156437951392,NA,1.12527729976315,2.20563504550876,2.32081564825794,0.25,-0.355360349888324,5.45478422489382,3.43398851444362,0.962011196265082,0.778584679854796,0.520833333333333,0.723532424156565,0.435464918903984,7.61200215100684,-0.5,1,0.998764946890723,0.0209550651161525,NA,1.09732673330187,1.58382312088692,0.547751207157913,0.169243052883005,0.119071161348581,0.0623536531260961,-0.166976527527504,NA,2.20983167352343,2.31364930602186,0.224116161616162,-0.499167544904709,5.33945687050261,3.38168214496511,0.961609679034987,0.820030942475796,0.578914141414141,0.525411717215285,-0.411586351658502,5.81480043372154
"Col-0","WW","moderate",79,"Control",-0.0528967557864296,1.33333753885532,1.29676719459559,0.77180170960447,NA,0.77180170960447,1.06571338516925,NA,0.918215230430431,1.79349157703102,1.87526421253255,0.208333333333333,0.0489194276226443,3.96378824233793,2.25963292506674,0.800042812160168,0.647744113934831,0.520833333333333,0.564461460512556,0.737127647029577,6.33587975848852,-0.5,1,0.995894911414252,0.0304203278173819,NA,0.874313370429284,1.29676719459559,0.458660614072896,0.0982746849610161,0.135576008724806,0.0494476441187049,-0.180890774047639,NA,1.79604541883702,1.85812916304639,0.243476430976431,-0.310408072455774,3.25968982560638,1.90604528702873,0.800233420912431,0.694810952923703,0.574074074074074,0.339548208385189,0.303920768172424,4.34096198770849
"pgm","WW","slow",87,"Control",0.0532360725664793,1.43414897297463,1.40380361261851,0.729759897906149,NA,0.729759897906149,0.886839847627177,NA,0.926631173355996,1.89060341437616,2.01722405012687,0.270833333333333,0.402836086850391,5.94861972362393,1.69289733898942,0.917003810860863,0.890519949775846,0.854166666666667,-0.0750170613456359,-1.19232864471717,0.192120623882362,-0.5,1,0.990500059023191,0.0437045994120448,NA,0.920022862799424,1.40380361261851,0.378365233200729,0.175173952129052,-0.0484071698676444,0.0582281905277323,-0.159131712132278,NA,1.89580599959797,2.01514797046615,0.291877104377104,0.181820797687754,6.5947208302033,1.6647373368108,0.915474110562746,0.890913802549929,0.912878787878788,-0.163191749105209,-1.82555798833457,0.0679130233507322
"pgm","WW","slow",88,"Control",0.0502065150743704,1.32170789060424,1.3066158415133,0.577077201467348,NA,0.577077201467348,0.787784941982589,NA,0.896883783197312,1.73182867539119,1.86294286607028,0.3125,0.415051642562702,6.84409973886231,1.63408082059619,0.881403007635415,0.868827824671184,0.8125,0.0246862506864964,-0.413266809668695,0.179891526409558,-0.5,1,0.985090239269361,0.048079197277868,NA,0.882089872451406,1.3066158415133,0.320478495775909,0.167792169652693,-0.0424789318198296,0.0689981547502057,-0.166576823208725,NA,1.73718410372899,1.86388297084108,0.291877104377104,0.154181350092435,6.79866896347905,1.78860966698307,0.880255883537889,0.865382972833757,0.937079124579125,-0.125489234957584,-1.3342755433344,0.0284215209886765
"pgm","WW","slow",89,"Control",0.0577557076536314,1.38644814043727,1.36177465510986,0.578881026744366,NA,0.578881026744366,0.836159537023358,NA,0.948722503561103,1.79180654091619,1.8989199319289,0.291666666666667,0.503588578339065,6.20142827257381,1.28921793649347,0.931742769303535,0.922868822536982,0.6875,0.0333404865910059,-0.388450483710194,0.317887377227905,-0.5,1,0.981129254284797,0.0546429890552644,NA,0.935358486816364,1.36177465510986,0.339931755097018,0.143760250077403,-0.0391243755880914,0.0624661031085033,-0.172873111693095,NA,1.79644035166323,1.9077626084834,0.296717171717172,0.122850335148704,5.88335519332017,1.54664688824656,0.930782609295761,0.911623280410473,0.641835016835017,-0.0919832650175088,-1.11319795624898,0.554399058810144
"pgm","WW","moderate",90,"Control",0.0623640065189215,1.32840871863984,1.30300832300235,0.535049287993843,NA,0.535049287993843,0.771098696972992,NA,0.918719846206776,1.71453513556126,1.82327655502002,0.291666666666667,0.401420102546422,7.11039319742416,1.5601447413999,0.89148151044345,0.869120046358705,0.583333333333333,0.0912047509752799,-0.232726932381523,0.882714955837567,-0.5,1,0.977095130321534,0.0577667205232711,NA,0.903484751896666,1.30300832300235,0.319116887246478,0.145550891592462,-0.0235772439409313,0.0654470565936648,-0.16083246365629,NA,1.71945391965146,1.83284145731382,0.28219696969697,0.0612664133706574,6.24996335640079,1.87770350253574,0.890662917511196,0.868817381057126,0.622474747474748,-0.0388757973131335,-0.925952470870115,0.741178996426207
"pgm","WW","slow",91,"Control",0.0430345438472042,1.36424870930568,1.33642904615527,0.563449012517184,NA,0.563449012517184,0.768130845638493,NA,0.926941403245508,1.7737963420557,1.8914293624617,0.270833333333333,0.414531893170049,7.9527309215478,1.85414604781897,0.899061750254833,0.880428625990154,0.645833333333333,0.0126301933439874,-1.07367850808692,0.600932306882926,-0.5,1,0.985870070965401,0.048043581641954,NA,0.925448189479004,1.33642904615527,0.327919144160863,0.17221046648998,-0.0214337347800153,0.0650539055719347,-0.156764366383208,NA,1.77926350364324,1.90139356160764,0.277356902356902,0.0590042843535734,6.93676523952951,2.10278592769313,0.897733696839034,0.878174434474374,0.641835016835017,-0.0402161427189085,-1.5622214405074,0.577779245067809
"pgm","WW","moderate",92,"Control",0.0601083646665266,1.36094471378081,1.3434297439643,0.586365919253221,NA,0.586365919253221,0.789603906962539,NA,0.955521983247229,1.75565626239249,1.85930249213088,0.229166666666667,0.27372874163202,6.40170067144481,1.62388655927394,0.931203225536097,0.883445684236588,0.520833333333333,0.150420102283078,0.506277725508999,1.99825711502922,-0.5,1,0.980267892978416,0.053593898822896,NA,0.941492016516823,1.3434297439643,0.334564596121392,0.121914844651205,-0.00829243259486676,0.0688867805191578,-0.163392690058307,NA,1.76020089907861,1.86726100028897,0.277356902356902,0.00614676996541426,5.78600089419247,1.88174561028035,0.930926132012428,0.893120107274028,0.603114478114478,0.019700800885484,-0.244686995377275,1.47108714820959
"pgm","WW","moderate",93,"Control",0.0429091732992395,1.25401225568333,1.25054596482783,0.560791925522519,NA,0.560791925522519,0.79890623677898,NA,0.87583657716906,1.64816522950184,1.76181358392399,0.270833333333333,0.365159654562493,5.35898417348143,1.46898208569644,0.852926700153822,0.805595819712242,0.583333333333333,0.1317745602336,0.374160011359479,1.92660288265058,-0.5,1,0.985474455495783,0.0443153141951407,NA,0.851401288043473,1.25054596482783,0.320124340915102,0.122210255762221,-0.0257726673637823,0.0735842225940231,-0.175392808137765,NA,1.65269872573953,1.76541875056668,0.291877104377104,0.0683372847725456,5.77178278991715,1.65973086115451,0.852648834479597,0.814784150105437,0.612794612794613,-0.029732256825134,-0.245937147141509,1.43126747939482
"sex1-3","WW","slow",101,"Control",0.055700568277679,1.2489799135592,1.23781283628568,0.781159311390996,NA,0.781159311390996,0.882601474135297,NA,0.777826685981248,1.72570891226422,1.83208964506646,0.229166666666667,0.157983802670747,5.56729756569095,2.75379869927273,0.749916760307141,0.734303122890733,0.645833333333333,0.0537215804477946,-0.64969043148674,0.538940414933145,-0.5,1,0.989381042406973,0.0461658162304592,NA,0.805829666488436,1.23781283628568,0.403845146533107,0.134706989958341,0.0219403154311451,0.0476958802505664,-0.108298797452263,NA,1.72980125188416,1.82398771609813,0.228956228956229,-0.121964951255836,5.18923279209508,2.49591827189478,0.748790700824542,0.735577578711758,0.603114478114478,0.104595781091636,-1.33758121478939,0.488661187005146
"sex1-3","WW","slow",103,"Control",0.0545528824215106,1.29551656093033,1.28732567455347,0.811251611934055,NA,0.811251611934055,0.772778636822076,NA,0.855364878265823,1.74649215505438,1.87344494318263,0.229166666666667,-0.17013222719671,5.21149727320014,3.2384848175051,0.828159194052557,0.805970659014,0.583333333333333,0.0898408008760565,-0.245433268945886,0.886345869826393,-0.5,1,0.993946459862115,0.0328349558459326,NA,0.886582207114084,1.28732567455347,0.367277589518075,0.148731471898759,0.0288149042780358,0.0607076755783987,-0.115187629131796,NA,1.75128322884679,1.86338003621806,0.233796296296296,-0.159472797109212,6.0849065490547,2.96982847403984,0.827245239841089,0.800044582542044,0.583754208754209,0.142838201506755,-1.05054935489486,1.0832940251729
"sex1-3","WW","slow",104,"Control",0.0655748943181945,1.10844122125628,1.10243748862779,0.68059975507421,NA,0.68059975507421,0.710411021643145,NA,0.726815449152551,1.51061056171966,1.61114893934632,0.208333333333333,-0.0305650252825201,4.77438745536724,2.6133042329982,0.694264415535915,0.672426185763181,0.645833333333333,0.0927798424698645,-0.44593328267556,0.844595917167008,-0.5,1,0.991582027284467,0.0344170992140714,NA,0.745061978196226,1.10243748862779,0.331508430843351,0.124078694881385,0.0287598645622423,0.0483607545952136,-0.117869042630773,NA,1.51454739860945,1.60568546159502,0.233796296296296,-0.131690454848739,4.998264005793,2.39798239791834,0.693441439501018,0.67011442500903,0.588594276094276,0.120164762464863,-0.954982010187108,0.922566153015335
"sex1-3","WW","slow",105,"Control",0.0410768771846615,1.3746702287175,1.34691328574421,0.809719459978534,NA,0.809719459978534,0.667822007508448,NA,0.893816813925915,1.82314810834668,1.97555955755123,0.1875,-0.283341433164793,8.09981508115986,4.36953935935938,0.870678463141746,0.849343318636864,0.6875,-0.0127923806858219,-1.13197789397433,0.663233172056994,-0.5,1,0.988555490285562,0.0471136584194833,NA,0.956623895023158,1.34691328574421,0.359479679961668,0.189606694331401,0.0308536663713046,0.0720491621162505,-0.0960599206722948,NA,1.82886481922804,1.96803065800625,0.219276094276094,-0.221122624580765,7.24996902114903,3.9546942140756,0.869146296044082,0.851298048267447,0.583754208754209,0.183859643066421,-1.81642804776748,0.690752659486719
"bam1","WW","fast",109,"Control",-0.164271424104158,1.47117927773518,1.53965426401186,0.871024112979456,NA,0.871024112979456,1.15890767756528,NA,1.14976207008424,2.08035080979033,2.15906936093898,0.25,-0.118057596953543,3.79508800305976,2.31115179104456,0.998957718233391,0.805309240291505,0.520833333333333,0.718858079567446,0.925433123566319,8.05560670027602,-0.5,1,0.994333622858522,0.0376072927195929,NA,1.10457020071952,1.53965426401186,0.494167147645332,0.126200427273118,0.141357491716815,0.0484067219329173,-0.175897161352849,NA,2.08319008795759,2.15583921456277,0.219276094276094,-0.415810261023098,3.61777482745824,2.49301216806802,0.998908164937845,0.875883696370226,0.574074074074074,0.441498708437798,0.00462349800803192,5.06692894981118
"bam1","WW","fast",112,"Control",0.0333468130272762,1.5420984063166,1.53517346700269,1.01750986337114,NA,1.01750986337114,1.15416004113383,NA,1.06259528350606,2.13113411224247,2.23840310879073,0.1875,-0.299363716076632,5.30286576517281,3.29168681441774,0.939212821762917,0.782499991789981,0.520833333333333,0.5845466957553,0.719935953763461,6.51790849228639,-0.5,1,0.997304058962229,0.0284980351153728,NA,1.05659137002729,1.53517346700269,0.527115727082631,0.151670769941934,0.113366654469957,0.0523798710700593,-0.145832503471385,NA,2.13498465605259,2.23596267470885,0.214436026936027,-0.439530765173159,4.89780493084041,3.3583053009008,0.938789049256766,0.826798989909079,0.569234006734007,0.446979778527504,-0.448215382029657,4.60953439847668
"bam1","WW","slow",114,"Control",-0.0499710169444445,1.71293131055223,1.66044057899774,0.888060740197637,NA,0.888060740197637,1.04661068224371,NA,1.15093767345432,2.24625625450796,2.41270757184356,0.25,0.0669738856581133,8.26035900841748,3.65094591244578,1.07462490348752,1.02447938495277,0.520833333333333,0.263912949916293,-0.565212630931942,2.05247394105018,-0.5,1,0.993896479753345,0.0421259650908666,NA,1.14980438623849,1.66044057899774,0.4489346243416,0.21784549372572,0.0159682200461821,0.0840038057680126,-0.133530288766724,NA,2.25327622083342,2.40965666181327,0.248316498316498,-0.150813481668188,8.91238717595497,3.68201362508063,1.07314645154104,1.03196664006145,0.603114478114478,0.148643940411878,-1.7168487877523,1.57825054844233
"bam3","WW","slow",116,"Control",0.0255793343164267,1.28112814151334,1.28130243239556,0.786152931537385,NA,0.786152931537385,0.993601686552744,NA,0.956065449369869,1.79931720785099,1.94375716039646,0.229166666666667,-0.269618009174618,5.2572157189266,4.18416893974054,0.763287656940124,0.619424731625006,0.520833333333333,0.702554541380584,-1.05656112967592,5.91190172764272,-0.5,2,0.987694808475606,0.0537487755904045,NA,0.945342632712169,1.28145732415752,0.408055371754897,0.211417725889671,0.0878842469135711,0.0435054096451099,-0.161702205516919,NA,1.80408365556093,1.91637478056093,0.214436026936027,-0.502252229424002,6.02637498574394,3.69183847352699,0.761546548135793,0.646907971982188,0.607954545454546,0.51762721458293,-2.50028416327973,4.59306390985252
"bam3","WW","slow",117,"Control",0.0786885619234979,1.39345123654767,1.36353635141596,0.851970880232231,NA,0.851970880232231,1.05445062489259,NA,0.899478158272736,1.92044499745651,2.01427298734998,0.1875,0.119068496604886,6.0682664868463,2.1890258613144,0.806627705375397,0.729065832757031,0.5625,0.303497927034134,-0.869936020361749,3.14272373165349,-0.5,1,0.989277925288538,0.0530495308387861,NA,0.894852078205993,1.36353635141596,0.473719385657495,0.141431156718742,0.0523335157571772,0.0496531094385915,-0.173713106436229,NA,1.92447958213703,2.01194103941274,0.257996632996633,-0.21375609214624,5.11551642750352,2.16824995232981,0.805497388673046,0.733617912345177,0.612794612794613,0.238799344917107,-1.34438631804621,2.83862135368231
"bam3","WW","slow",119,"Control",0.0719684123180062,1.2098055012717,1.18466102122933,0.662844194353733,NA,0.662844194353733,0.854176659220642,NA,0.841128953690995,1.63353913818315,1.7238895769417,0.1875,0.0399849764384129,5.18340626784215,2.35220565446952,0.735782904275505,0.646385995840274,0.541666666666667,0.359317558936006,-0.83201259976162,3.64605185278733,-0.5,1,0.990034093687174,0.0414222413360557,NA,0.834228219094549,1.18466102122933,0.374497358526297,0.135540942648077,0.0743804943957704,0.0447780621727848,-0.172613297382552,NA,1.63716703210361,1.71737508180995,0.243476430976431,-0.275754707489731,4.6004933878772,2.24642433209855,0.734792782838065,0.654124397444532,0.603114478114478,0.297739296807985,-1.17540200257953,3.23789513174603
"bam3","WW","slow",120,"Control",0.0112918627024119,1.25535344931061,1.27874986813575,0.666458521294368,NA,0.666458521294368,1.00040977486888,NA,0.844373678854916,1.78394355310597,1.91728261307184,0.229166666666667,0.516896865967029,6.44852788497009,2.43244238305065,0.773556183165529,0.73372096875122,0.708333333333333,0.180044880623252,-1.19585129933085,1.33140975161466,-0.5,2,0.99270929252581,0.0367692687645646,NA,0.841637870971072,1.27874986813575,0.385617850064153,0.187978422453002,-0.00167908529889148,0.0566780847457473,-0.165453388853082,NA,1.78939389961832,1.90598171191016,0.272516835016835,-0.0315805265978196,6.89991963907749,2.22476475884887,0.771582525759339,0.731291510875987,0.651515151515152,0.0543412914947592,-2.38551288735906,1.34001733435962
"bam1 bam3","WW","slow",122,"Control",0.0670322316405805,1.21540458930577,1.19210841628098,0.766392722126568,NA,0.766392722126568,0.919671826707046,NA,0.800157993054936,1.67446910400322,1.78430285316655,0.208333333333333,-0.0143584792959951,4.6546959554271,3.26031795207582,0.709747728558742,0.639998783811794,0.520833333333333,0.334245306246558,-0.446284506583752,2.86901112474932,-0.5,1,0.993172798075738,0.0360392141827861,NA,0.80520360085433,1.19234851854614,0.418856069919691,0.1207660598923,0.0841716816129834,0.0292681656977659,-0.120527237050177,NA,1.67787693112809,1.75388629000853,0.204755892255892,-0.28461023439976,3.70697107096252,2.52070189658986,0.708717686530333,0.65523259807034,0.593434343434343,0.278678010768891,-1.24300312382549,2.16915791135337
"bam1 bam3","WW","moderate",125,"Control",0.052623119289117,1.27541760816621,1.26428441458672,0.834760190176159,NA,0.834760190176159,0.857284444719723,NA,0.8683167545485,1.75007206481274,1.84130509200397,0.208333333333333,-0.241687754841721,4.5316574504167,2.78749029866349,0.778496764360699,0.726134296451467,0.583333333333333,0.288694894758724,-0.892231415360214,2.11953225371104,-0.5,1,0.991618745016022,0.0409197810237824,NA,0.874466222249348,1.26428441458672,0.409484545229723,0.137070875570357,0.0704110310378647,0.0400404383258101,-0.106957649116522,NA,1.75367821874415,1.84688074281053,0.20959595959596,-0.285265839520132,4.56941511015556,2.97894495537344,0.777365551825601,0.730326490555276,0.583754208754209,0.269993611989939,-1.35575642268201,1.9073046055934
"bam1 bam3","WW","moderate",126,"Control",0.0707017935685872,1.17839689492614,1.16213388827648,0.786030740357739,NA,0.786030740357739,0.883236255501893,NA,0.763688236030721,1.63808632141458,1.73241703469155,0.229166666666667,-0.0438892885256216,4.27172344136863,2.15734711021856,0.686181455138388,0.639265109573599,0.583333333333333,0.246752972304725,-0.794399671194952,1.89406797485191,-0.5,1,0.992945146889072,0.0366738132888902,NA,0.756695261421823,1.16213388827648,0.399183865257125,0.126683613508728,0.0395083371901636,0.0401601535795207,-0.154781122333956,NA,1.64175542047441,1.72150203135742,0.248316498316498,-0.157539697576958,4.65045809436621,1.99748295368244,0.685084288930519,0.639150029974546,0.61763468013468,0.168083250475654,-1.31085806763179,1.78912117197058
"bam1 bam3","WW","moderate",127,"Control",0.08212882537056,1.15743946676371,1.15238928721908,0.805109866758134,NA,0.805109866758134,0.738187131129005,NA,0.774433791062966,1.58699843792391,1.67618749599117,0.229166666666667,-0.313106702128673,3.56270086747311,2.69201117611872,0.717780136514257,0.68434610968848,0.5625,0.17344186255484,-0.65231459906162,1.34627804621577,-0.5,1,0.987810613955808,0.0441882008559035,NA,0.79834209307926,1.15238928721908,0.367805238113735,0.118358871021178,0.066335916289841,0.0353256199785403,-0.104483302629329,NA,1.59015078239019,1.67121399193454,0.20959595959596,-0.235917248602136,3.99423319959406,2.56687333439974,0.716784882853876,0.679692092341511,0.583754208754209,0.22132893723949,-1.19329673363893,1.5009356793862
"bam1 bam3","WW","moderate",128,"Control",0.0261140873776393,1.27877910136537,1.26394536263531,0.856761234446883,NA,0.856761234446883,0.929983811524172,NA,0.857532875619302,1.77065357531797,1.88384573507387,0.1875,-0.254085063249904,5.06450930351373,3.47491587873198,0.757237149952645,0.662561205734769,0.520833333333333,0.406897398019897,-0.121387279293656,3.91452628731619,-0.5,1,0.994736845897878,0.0338545759403733,NA,0.862469430676634,1.26394536263531,0.430851423818014,0.145579015130945,0.0871497017964427,0.0468073007012224,-0.114702431160719,NA,1.77450069120226,1.87772448570878,0.204755892255892,-0.355414818375541,4.88296061791473,3.38287842372834,0.75637460942332,0.686668701691801,0.569234006734007,0.342288351304472,-1.00755309021177,2.85892441764938
"Col-0","WW","moderate",73,"Low light acclimating",0.0120549435760979,1.31545993633444,0.979829580984343,0.397301122108594,0.397301122108594,0.337854276120517,0.231290425633935,0.694016902929826,0.753463748917903,1.22137849211707,1.36458203680378,0.229166666666667,-0.0151606463622124,5.77552486764643,3.64318589482788,0.73828066985162,0.710985346820541,0.6875,-0.207233476392395,-2.80077549632479,0.741851397124959,3,4.29236111111111,0.957336593607744,0.0457876354986574,NA,0.791853574599288,0.918111859104963,0.143348861274861,0.111791139793338,0.0475340854426583,0.0175232337929822,-0.106586924256392,-0.120271053485167,1.22082063752811,1.28690423762682,0.195075757575758,-0.289467942126591,3.28588834437624,2.2727484596963,0.736755366194739,0.715881989821363,0.728956228956229,0.0421588722629691,-1.88193158631413,0.551777793785468
"Col-0","WW","moderate",73,"Low light acclimated",0.0120549435760979,1.31545993633444,NA,0.411828359349909,0.411828359349909,NA,NA,0.753463748917903,NA,1.15425421373544,1.21692341419812,0.104166666666667,NA,NA,1.19161965016877,NA,NA,NA,NA,NA,NA,3,4.29236111111111,0.957336593607744,0.0457876354986574,0.791853574599288,0.790600751125484,0.918111859104963,0.143348861274861,0.111791139793338,0.0475340854426583,0.0175232337929822,-0.106586924256392,0,1.13061734741423,1.19005365220833,0.214436026936027,-0.169196888641424,3.28588834437622,1.82092416106733,0.706687602823447,0.677794404926768,0.666035353535354,0.162429925748136,-1.88193158631412,1.04075741697686
"Col-0","WW","fast",74,"Low light acclimating",-0.168573025985873,1.33857198375541,1.27625945375785,0.367573877404347,0.367573877404347,-0.0482661767326351,0.217504445247521,0.807210868179255,1.22305092231624,1.35542108765163,1.43123699201817,0.4375,0.517212299780577,2.45034267460996,0.0248299175808807,1.19709781986406,1.133362043516,0.5625,0.0374394330475738,-0.733675893891747,2.52948625675908,3,4.29236111111111,0.936090448819786,0.0313376749438093,NA,1.24441381925174,1.39090482635015,0.126239392544258,0.0212575120352166,-0.139326314983273,0.0167076392637304,-0.242828323710568,0.232918553636091,1.35220400398988,1.41491036872994,0.451599326599327,0.305923526618185,0.51947633816052,0.00279573764586472,1.19692878564979,1.15726129525826,0.574074074074074,0.177675540265488,-0.205646273874998,1.6368118638186
"Col-0","WW","fast",74,"Low light acclimated",-0.168573025985873,1.33857198375541,NA,0.272895533899896,0.272895533899896,NA,NA,1.22305092231624,NA,1.50505801064108,1.55100489429223,0.104166666666667,NA,NA,0.833778261863077,NA,NA,NA,NA,NA,NA,3,4.29236111111111,0.936090448819786,0.0313376749438093,1.24441381925174,1.24684005418545,1.39090482635015,0.126239392544258,0.0212575120352166,-0.139326314983273,0.0167076392637304,-0.242828323710568,0,1.52689291921694,1.55496007521349,0.374158249158249,0.0730049729820941,0.51947633816053,0.0907877779757378,1.25515842405881,1.24684005418545,1,-0.0552430133706032,-0.205646273875017,0
"Col-0","WW","fast",75,"Low light acclimating",-0.0571843755785504,1.40312032724487,1.01727273116774,0.628276250759471,0.628276250759471,0.342555715910372,0.292296767676777,0.544970954165277,0.830691489014376,1.18879539730916,1.21295344116372,0.3125,-0.0347522137090428,1.14898741612463,0.364355221275636,0.845750065026327,0.81822013029084,0.645833333333333,-0.0701360260828083,-0.075377386240786,1.03923663879983,3,4.29236111111111,0.981019882150944,0.0210496373961971,NA,0.853998141492223,0.987814527824417,0.161211608680402,0.0187876766607543,0.305768350424361,0.0185174825398834,0.208857764880206,-0.0572478673799506,1.18674668472947,1.2270056289897,0.0208333333333333,-0.119483278452086,-0.486480036754135,1.67160480490076,0.845670089432478,0.823929477468416,0.646675084175084,0.0236789870012877,-0.111013465773693,0.823983452031142
"Col-0","WW","fast",75,"Low light acclimated",-0.0571843755785504,1.40312032724487,NA,0.31382143994933,0.31382143994933,NA,NA,0.830691489014376,NA,1.14108154322082,1.19050028249819,0.0833333333333333,NA,NA,0.9577685887476,NA,NA,NA,NA,NA,NA,3,4.29236111111111,0.981019882150944,0.0210496373961971,0.853998141492223,0.853401809540348,0.987814527824417,0.161211608680402,0.0187876766607543,0.305768350424361,0.0185174825398834,0.208857764880206,0,1.14381078419451,1.17035409356162,0.0208333333333333,-0.0622354110721359,-0.486480036754135,1.10377752032588,0.831358122587491,0.802577636847017,0.627314814814815,0.0809268543812384,-0.111013465773693,1.14913933354103
"Col-0","WW","moderate",76,"Low light acclimating",0.00928935843950485,1.34193992173159,1.00528243221626,0.371634416741963,0.371634416741963,0.323605746918642,0.260871398629891,0.746707674105419,0.794736343928741,1.21895825724119,1.32652863329608,0.25,-0.00962686981325056,4.4462564907796,2.77424154151179,0.791606607191341,0.761057948300508,0.645833333333333,-0.121296987485012,-1.39062844752551,1.04467054084844,3,4.29236111111111,0.957063611661419,0.0416424273595475,NA,0.842402508425343,0.968932565581826,0.146123870265838,0.0882327548378706,0.0723724460825306,0.0204007657813878,-0.107189896707341,-0.0702949865158339,1.21869884382259,1.27829769418819,0.19023569023569,-0.256809565355432,2.71337250102317,2.08385228735655,0.790723636448922,0.770982713071127,0.627314814814815,0.108499134037903,-1.07422156328758,0.751647321413703
"Col-0","WW","moderate",76,"Low light acclimated",0.00928935843950485,1.34193992173159,NA,0.408265101765527,0.408265101765527,NA,NA,0.794736343928741,NA,1.19292906020289,1.25596192114254,0.104166666666667,NA,NA,1.20223039999791,NA,NA,NA,NA,NA,NA,3,4.29236111111111,0.957063611661419,0.0416424273595475,0.842402508425343,0.841670268982469,0.968932565581826,0.146123870265838,0.0882327548378706,0.0723724460825306,0.0204007657813878,-0.107189896707341,0,1.16597760393572,1.22121094589106,0.204755892255892,-0.186514578839598,2.71337250102317,1.80744716580239,0.773149889819964,0.743026219689756,0.603114478114478,0.178794120553737,-1.07422156328758,1.20725984901544
"Col-0","WW","fast",77,"Low light acclimating",-0.0830208787800198,1.42432741837705,NA,0.347563417018918,0.347563417018918,NA,NA,0.794955596530842,NA,1.23028699592595,1.27230440568039,0.3125,0.243844159028195,1.40576361560361,0.184828110200785,NA,NA,NA,NA,NA,NA,3,4.29236111111111,NA,NA,NA,NA,NA,NA,NA,NA,NA,NA,NA,NA,NA,NA,NA,NA,NA,NA,NA,NA,NA,NA,NA
"Col-0","WW","fast",77,"Low light acclimated",-0.0830208787800198,1.42432741837705,NA,NA,NA,NA,NA,NA,NA,NA,NA,NA,NA,NA,NA,NA,NA,NA,NA,NA,NA,3,4.29236111111111,NA,NA,NA,NA,NA,NA,NA,NA,NA,NA,0,NA,NA,NA,NA,NA,NA,NA,NA,NA,NA,NA,NA
"Col-0","WW","fast",78,"Low light acclimating",-0.173944469031867,1.47686914193998,1.37090539975802,0.422852503131901,0.422852503131901,-0.00978063437676324,0.293372778022433,0.843435473426828,1.27606861093549,1.47062071097498,1.57492270311499,0.354166666666667,0.604585952579766,2.67154561151072,0.109136332424915,1.27119008854107,1.22914059350043,0.583333333333333,0.0280820385142098,0.0798969311828834,1.69375186211953,3,4.29236111111111,0.905375504177018,0.0387324241244775,NA,1.28106019947047,1.45359427044169,0.134847361997873,0.0383325363011201,-0.22676122176738,0.0359156788209351,0.24555327931843,0.16972456172325,1.46652182087322,1.55558274271064,0.42739898989899,0.345334347809928,0.314334704288839,0.0317776571558962,1.27111978506083,1.24010589025232,0.63699494949495,0.0331387834304953,-0.0836901217661339,1.19262829063813
"Col-0","WW","fast",78,"Low light acclimated",-0.173944469031867,1.47686914193998,NA,0.25779999266676,0.25779999266676,NA,NA,1.27606861093549,NA,1.54688942517889,1.59583213474438,0.0833333333333333,NA,NA,0.926565239451942,NA,NA,NA,NA,NA,NA,3,4.29236111111111,0.905375504177018,0.0387324241244775,1.28106019947047,1.28282816365509,1.45359427044169,0.134847361997873,0.0383325363011201,-0.22676122176738,0.0359156788209351,0.24555327931843,0,1.59381524216566,1.65712253747084,0.398358585858586,0.175609786086678,0.314334704288849,0.0887448220670832,1.31355092549164,1.28282816365509,1,-0.136585778292755,-0.0836901217661339,0
"Col-0","WW","moderate",79,"Low light acclimating",-0.0528967557864296,1.33333753885532,1.05894792218701,0.366728734244986,0.366728734244986,0.235252179008216,0.259570211652185,0.773332271080394,0.904808826317164,1.23236503946659,1.32798619066911,0.208333333333333,0.079237586134115,3.1674252584122,2.58015454368787,0.88553080490742,0.851868937616925,0.5625,-0.0284869093119196,-1.12765003627919,1.2743240287737,3,4.29236111111111,0.969708265510246,0.0278932803828138,NA,0.921026366200894,1.02717456165639,0.116574655784946,0.0706289795674929,0.0651662052977797,0.0183578297796507,-0.130488868069314,-0.0597899150253579,1.23045498982265,1.27679475410085,0.20959595959596,-0.194917355006183,2.33865995529184,1.53672471542028,0.884893085695375,0.866672675573035,0.622474747474748,0.0740996476041492,-0.768750929391077,0.693741180808192
"Col-0","WW","moderate",79,"Low light acclimated",-0.0528967557864296,1.33333753885532,NA,0.266822315601871,0.266822315601871,NA,NA,0.904808826317164,NA,1.20060743697406,1.23159015388042,0.104166666666667,NA,NA,0.449137920264865,NA,NA,NA,NA,NA,NA,3,4.29236111111111,0.969708265510246,0.0278932803828138,0.921026366200894,0.920403554586047,1.02717456165639,0.116574655784946,0.0706289795674929,0.0651662052977797,0.0183578297796507,-0.130488868069314,0,1.18561255355363,1.22922040188136,0.219276094276094,-0.135127439980825,2.33865995529185,1.32649531087005,0.869945606939036,0.842887215293852,0.603114478114478,0.133889562629507,-0.768750929391082,1.08146207072911
"pgm","WW","slow",87,"Low light acclimating",0.0532360725664793,1.43414897297463,1.05219743235006,0.27051089003347,0.27051089003347,0.349757660846494,0.111084032334376,0.963284675610497,0.884037904797473,1.26186818197077,1.41814590269415,0.229166666666667,-0.267183479675883,3.97808603996348,4.28133936572635,0.842526682729347,0.806981916222247,0.729166666666667,-0.230918005914624,-4.18328615455935,0.773729817953519,3,4.29236111111111,0.984599282461413,0.0237339903523632,NA,0.89532212284044,0.958333389466243,0.0570102537940568,0.169551396939609,0.0224427505698584,0.0326195807808334,-0.143029999937422,-0.187705589587687,1.26619894401399,1.3603387059962,0.228956228956229,-0.330773053253254,5.49590721041141,2.79579448682578,0.840316015592359,0.813329187510616,0.724116161616162,-0.0412428786070951,-2.71379832167672,0.570439929063515
"pgm","WW","slow",87,"Low light acclimated",0.0532360725664793,1.43414897297463,NA,0.165307533610875,0.165307533610875,NA,NA,0.884037904797473,NA,1.15056321879347,1.23350554587483,0.291666666666667,NA,NA,0,NA,NA,NA,NA,NA,NA,3,4.29236111111111,0.984599282461413,0.0237339903523632,0.89532212284044,0.893366856282235,0.958333389466243,0.0570102537940568,0.169551396939609,0.0224427505698584,0.0326195807808334,-0.143029999937422,0,1.12541975182322,1.215126722632,0.243476430976431,-0.143067463665566,5.49590721041141,2.2338893393378,0.793389618195438,0.75358158840676,0.666035353535354,0.146462710980592,-2.71379832167672,1.3410361652855
"pgm","WW","slow",88,"Low light acclimating",0.0502065150743704,1.32170789060424,0.977796396990759,0.19394591771802,0.19394591771802,0.269486813668801,0.0752384925380698,0.91319773599871,0.837656840047929,1.12790840899233,1.21000343374358,0.25,-0.197070799374711,2.93672020143424,2.25474835641016,0.827684384989187,0.796917456046896,0.666666666666667,-0.208317001245945,-2.58689102143317,0.748571376856397,3,4.29236111111111,0.984617040735021,0.0170334869557659,NA,0.861344736906268,0.908181355357329,0.0359545726328485,0.126674239486165,0.0178695048844086,0.0285478291465713,-0.155110537722583,-0.139549335127572,1.13160658564847,1.20316337608079,0.238636363636364,-0.229014629608418,4.2697285288454,1.99905021094603,0.826131823096735,0.806706478743741,0.699915824915825,-0.0424642534516283,-1.89823520040794,0.436711131273146
"pgm","WW","slow",88,"Low light acclimated",0.0502065150743704,1.32170789060424,NA,0.0868756295843903,0.0868756295843903,NA,NA,0.837656840047929,NA,1.04241546276482,1.10868925249935,0.270833333333333,NA,NA,0.00493457859128624,NA,NA,NA,NA,NA,NA,3,4.29236111111111,0.984617040735021,0.0170334869557659,0.861344736906268,0.859891097998689,0.908181355357329,0.0359545726328485,0.126674239486165,0.0178695048844086,0.0285478291465713,-0.155110537722583,0,1.0269445843028,1.09663216038542,0.253156565656566,-0.0894652944808458,4.2697285288454,1.61312703559481,0.791244489314842,0.760087186436282,0.656355218855219,0.0970850816759438,-1.89823520040794,1.06900897867594
"pgm","WW","slow",89,"Low light acclimating",0.0577557076536314,1.38644814043727,1.09124901503687,0.277463635659499,0.277463635659499,0.3394790339973,0.279212095420421,0.977870286105246,0.915854887767444,1.28912854825065,1.390952036866,0.208333333333333,-0.118130310901595,3.11827828814845,2.62743822683133,0.893369481823089,0.859308646375864,0.6875,-0.00764416960667385,-1.05048669222527,0.973153817645216,3,4.29236111111111,0.978183613820437,0.0253179256480682,NA,0.910451251358486,0.989042667319931,0.0737257021504305,0.12083578807699,0.0213776049698806,0.0348481130224452,-0.191792868363727,-0.214011763777664,1.30194291620622,1.36852083204338,0.253156565656566,-0.30153098618588,4.0631629724628,1.88619644547379,0.891900354635506,0.865639756148575,0.680555555555556,-0.101786687444179,-1.79579527268629,0.650698945241106
"pgm","WW","slow",89,"Low light acclimated",0.0577557076536314,1.38644814043727,NA,0.0959951585383587,0.0959951585383587,NA,NA,0.915854887767444,NA,1.14342280675991,1.2254726683536,0.270833333333333,NA,NA,0.00104625347519749,NA,NA,NA,NA,NA,NA,3,4.29236111111111,0.978183613820437,0.0253179256480682,0.910451251358486,0.908221962152469,0.989042667319931,0.0737257021504305,0.12083578807699,0.0213776049698806,0.0348481130224452,-0.191792868363727,0,1.14143409337297,1.20863916071465,0.277356902356902,-0.0875192224082158,4.0631629724628,1.36801737149783,0.83839741369109,0.791431838255436,0.646675084175084,0.112225076333485,-1.79579527268628,1.69740674974469
"pgm","WW","moderate",90,"Low light acclimating",0.0623640065189215,1.32840871863984,0.994418110806675,0.159453827046293,0.159453827046293,0.17889536523234,0.0232134488954912,0.923210023137721,0.903768484951674,1.12784668597237,1.22965218715704,0.229166666666667,-0.0973951035200965,2.95993782749015,2.43506496456138,0.860989535640976,0.822634675666608,0.666666666666667,-0.227506287095937,-4.20274068166517,0.996011713424012,3,4.29236111111111,0.966334179298223,0.0232920482740185,NA,0.910544384869668,0.940438706373382,0.0145123600309637,0.145361370259271,0.00918995085281139,0.0293930449787385,-0.169609173158784,-0.107869578218522,1.13149205816409,1.20705515925984,0.253156565656566,-0.175593969821493,4.71307882031112,1.86986169148878,0.859018159672517,0.829756230999997,0.699915824915825,-0.0268035257336243,-2.42356628420689,0.733755062035067
"pgm","WW","moderate",90,"Low light acclimated",0.0623640065189215,1.32840871863984,NA,0.0189421898672887,0.0189421898672887,NA,NA,0.903768484951674,NA,1.06078707098656,1.13453399802281,0.270833333333333,NA,NA,0.00718414321311969,NA,NA,NA,NA,NA,NA,3,4.29236111111111,0.966334179298223,0.0232920482740185,0.910544384869668,0.909420743429892,0.940438706373382,0.0145123600309637,0.145361370259271,0.00918995085281139,0.0293930449787385,-0.169609173158784,0,1.05058987450019,1.12600373705191,0.2628367003367,-0.0677243916029711,4.71307882031112,1.59924093892194,0.832050765117886,0.79480783940988,0.675715488215488,0.0810660524848981,-2.42356628420688,1.19218125748039
"pgm","WW","slow",91,"Low light acclimating",0.0430345438472042,1.36424870930568,0.988982774454333,0.193304889647601,0.193304889647601,0.224959247453857,0.0467496379762871,0.9315091990002,0.899854841193943,1.14613328142794,1.25238381844595,0.229166666666667,-0.184785981783391,2.83352403956007,2.92208730544392,0.831832267480727,0.788608921108855,0.666666666666667,-0.187129724952407,-4.87536783766829,1.0857390336686,3,4.29236111111111,0.980278167571235,0.0208655225062771,NA,0.911080807263803,0.944759965035292,0.0427814030643773,0.148244178578813,0.0225928820323411,0.0129988289314194,-0.138964378069791,-0.0890890074075315,1.15007407010137,1.2172074714652,0.224116161616162,-0.215916112393732,4.14461800699788,1.97892066548377,0.829391755315659,0.790573526035386,0.733796296296296,0.0383693303896351,-3.03196726982462,0.968884532108967
"pgm","WW","slow",91,"Low light acclimated",0.0430345438472042,1.36424870930568,NA,0.102132486609243,0.102132486609243,NA,NA,0.899854841193943,NA,1.10594509421324,1.15999832553498,0.270833333333333,NA,NA,0.00322439656717504,NA,NA,NA,NA,NA,NA,3,4.29236111111111,0.980278167571235,0.0208655225062771,0.911080807263803,0.910152796769975,0.944759965035292,0.0427814030643773,0.148244178578813,0.0225928820323411,0.0129988289314194,-0.138964378069791,0,1.08325731454572,1.14776267354209,0.238636363636364,-0.126827104986201,4.14461800699789,1.70022657281236,0.807119503463777,0.764742937375236,0.70959595959596,0.127458337797167,-3.03196726982463,1.26973625621199
"pgm","WW","moderate",92,"Low light acclimating",0.0601083646665266,1.36094471378081,0.999033879420473,0.25390317396028,0.25390317396028,0.288274002499907,0.16361956649028,0.90186643294979,0.867495604410164,1.17774738186121,1.2658574087957,0.25,-0.131249007716042,2.44394240674388,2.14363547604825,0.820320376979731,0.785470505383421,0.645833333333333,-0.128899380477963,-3.37207841294162,0.96726520517189,3,4.29236111111111,0.979614895404552,0.0224630974446331,NA,0.846117487046279,0.90141978141755,0.0489608253561626,0.128765205603438,0.0147508659695412,0.0340874556447106,-0.199250492301563,-0.195483742343405,1.18129951773642,1.24785878380404,0.257996632996633,-0.266587774313762,4.16047634404067,1.76665457798549,0.818587397166658,0.78754646566385,0.69023569023569,-0.0976798285538979,-2.13016242118648,0.766093604244665
"pgm","WW","moderate",92,"Low light acclimated",0.0601083646665266,1.36094471378081,NA,0.0492272604553603,0.0492272604553603,NA,NA,0.867495604410164,NA,1.03499817722044,1.10586031692103,0.270833333333333,NA,NA,0.0011929774544452,NA,NA,NA,NA,NA,NA,3,4.29236111111111,0.979614895404552,0.0224630974446331,0.846117487046279,0.844081198063535,0.90141978141755,0.0489608253561626,0.128765205603438,0.0147508659695412,0.0340874556447106,-0.199250492301563,0,1.03468671097887,1.10302150510728,0.28219696969697,-0.0711040319703571,4.16047634404068,1.31767133308694,0.769716461580807,0.721695310128492,0.656355218855219,0.0978039137895075,-2.13016242118649,1.66666705752792
"pgm","WW","moderate",93,"Low light acclimating",0.0429091732992395,1.25401225568333,0.943097994690792,0.183871056197832,0.183871056197832,0.219409765394278,0.218051419177331,0.824751887294078,0.789213178097632,1.10400558500049,1.19083072726474,0.25,0.132790741044462,2.74614594336049,2.04916282099001,0.782190404381094,0.761760045849602,0.6875,-0.1356255505407,-1.70710827265062,0.478162727115912,3,4.29236111111111,0.975609553976982,0.022668973238674,NA,0.790340039945207,0.876805576245293,0.0532460718941736,0.1159011738227,-0.00470854502426778,0.0350605909215679,-0.162983412153974,-0.129684399166678,1.1044838601528,1.17610588511337,0.257996632996633,-0.14050836587767,4.27781245534552,1.67304958284138,0.780987767417178,0.770334873512707,0.69023569023569,-0.105889698181412,-1.45222423256661,0.114843333918791
"pgm","WW","moderate",93,"Low light acclimated",0.0429091732992395,1.25401225568333,NA,0.0996248303059488,0.0996248303059488,NA,NA,0.789213178097632,NA,1.00532400354087,1.07871630348859,0.25,NA,NA,0.00526345196722536,NA,NA,NA,NA,NA,NA,3,4.29236111111111,0.975609553976982,0.022668973238674,0.790340039945207,0.788989160787221,0.876805576245293,0.0532460718941736,0.1159011738227,-0.00470854502426778,0.0350605909215679,-0.162983412153974,0,1.00722056077779,1.0796284979216,0.272516835016835,-0.0108239667109922,4.27781245534552,1.3674660829252,0.748566667625509,0.726143909335202,0.651515151515152,0.0237947009852662,-1.45222423256661,0.726871363761803
"sex1-3","WW","slow",101,"Low light acclimating",0.055700568277679,1.2489799135592,0.805691577322906,0.281710929446392,0.281710929446392,0.461546013012844,0.278109201149952,0.743108308583926,0.563273225017474,1.02498823036827,1.14644005462642,0.208333333333333,-0.269465995396328,3.28742971166463,3.3096843982174,0.586394924277544,0.563273225017474,1,-0.113358655447967,-0.17440467585141,0,3,4.29236111111111,0.989973195203687,0.0217462925567559,NA,0.633860073489682,0.799137351561157,0.153555957165081,0.109268840082951,0.0358077657648973,0.0408535334878931,-0.0875457764092809,-0.030041921708593,1.04510344120902,1.12680024809563,0.20959595959596,-0.172965879476675,4.03256206801507,2.48320437224885,0.585435707668763,0.572139113417746,0.85479797979798,0.087689900075738,-1.14666193236496,0.247655064978136
"sex1-3","WW","slow",101,"Low light acclimated",0.055700568277679,1.2489799135592,NA,0.378207995469895,0.378207995469895,NA,NA,0.563273225017474,NA,1.06201431291715,1.1174246277022,0.25,NA,NA,0.00906809036416243,NA,NA,NA,NA,NA,NA,3,4.29236111111111,0.989973195203687,0.0217462925567559,0.633860073489682,0.633547136805218,0.799137351561157,0.153555957165081,0.109268840082951,0.0358077657648973,0.0408535334878931,-0.0875457764092809,0,1.02257199992757,1.10280402918972,0.214436026936027,-0.142923957768082,4.03256206801507,2.37530493532535,0.577925227241614,0.567364746429798,0.845117845117845,0.117731821784331,-1.14666193236496,0.276279620975406
"sex1-3","WW","slow",103,"Low light acclimating",0.0545528824215106,1.29551656093033,0.909977510516527,0.023245503331534,0.023245503331534,0.120508709277645,0.0610274412046818,0.842998697174963,0.745735491228852,1.09418883996349,1.28959283266721,0.229166666666667,0.0899273060206674,8.91646080722839,4.63806164801315,0.72576618106956,0.702006821125556,0.729166666666667,-0.214062126346851,-3.07821720657129,0.498673074707747,3,4.29236111111111,0.96468642994633,0.0365448466146629,NA,0.799976323333518,0.900910793537871,0.0518266625438771,0.201408281307189,0.00789251341034185,0.061479073627272,-0.103575239269326,-0.0165840603880341,1.09846449625153,1.22809749657486,0.233796296296296,-0.125921126001792,7.37474593722952,3.31724789042031,0.723677463332855,0.697631363420919,0.849957912457912,0.0666584738807529,-2.5232242311445,0.417296149891676
"sex1-3","WW","slow",103,"Low light acclimated",0.0545528824215106,1.29551656093033,NA,0.251789768938464,0.251789768938464,NA,NA,0.745735491228852,NA,1.11978177136008,1.17492935025545,0.25,NA,NA,0.0137367685367521,NA,NA,NA,NA,NA,NA,3,4.29236111111111,0.96468642994633,0.0365448466146629,0.799976323333518,0.799803572704476,0.900910793537871,0.0518266625438771,0.201408281307189,0.00789251341034185,0.061479073627272,-0.103575239269326,0,1.08602645096051,1.21521797745406,0.233796296296296,-0.109337065613758,7.37474593722952,3.2664783999963,0.719531448235846,0.69493125368311,0.845117845117845,0.0832425342687871,-2.52322423114451,0.43393480847632
"sex1-3","WW","slow",104,"Low light acclimating",0.0655748943181945,1.10844122125628,0.751749576639614,0.279304259754599,0.279304259754599,0.410501102597895,0.186205343974792,0.680800202752908,0.549603359909612,0.955393863419997,1.08090853236937,0.208333333333333,-0.325188848826715,3.49042910238099,3.71305393556087,0.548105289859232,0.528746983263418,0.6875,-0.142906647430196,-1.54380042707895,0.449232767147979,3,4.29236111111111,0.987213731436616,0.0209235547453004,NA,0.578094362540715,0.660875820508556,0.0888733035553781,0.119933672046213,0.0520615812338144,0.0354569776986901,-0.105426249040455,-0.186789366021914,0.963714923394808,1.0539760367484,0.195075757575758,-0.384993616868582,4.15334184380158,3.11611065708453,0.547001550687987,0.535101205368581,0.85479797979798,-0.00280301508350024,-1.32854422438088,0.167354673176225
"sex1-3","WW","slow",104,"Low light acclimated",0.0655748943181945,1.10844122125628,NA,0.2245503760026,0.2245503760026,NA,NA,0.549603359909612,NA,0.861017413038837,0.900502283873114,0.270833333333333,NA,NA,0.00840092712775086,NA,NA,NA,NA,NA,NA,3,4.29236111111111,0.987213731436616,0.0209235547453004,0.578094362540715,0.576148639977986,0.660875820508556,0.0888733035553781,0.119933672046213,0.0520615812338144,0.0354569776986901,-0.105426249040455,0,0.823622898878373,0.903782604741012,0.214436026936027,-0.198204250846668,4.15334184380158,2.42002132688719,0.500304209182509,0.471643207357609,0.598274410774411,0.183986350938414,-1.32854422438088,1.13850375938882
"sex1-3","WW","slow",105,"Low light acclimating",0.0410768771846615,1.3746702287175,0.974035920811295,0.307330697660271,0.307330697660271,0.448387991156675,0.191747691945832,0.887557465436074,0.74650017193967,1.20969677646358,1.39725812116454,0.208333333333333,-0.40837268613721,5.18013454240339,5.89802757025724,0.738375065159008,0.707837987929271,0.729166666666667,-0.12722446004194,-1.66777777435865,0.842977856035899,3,4.29236111111111,0.98000614583281,0.0329418337871286,NA,0.812295218594969,0.925795569110539,0.130431541358977,0.149984874260378,0.0665674464457122,0.0549408040587578,-0.0767254578944662,-0.110402756844847,1.22758635428916,1.35107325768184,0.185395622895623,-0.421048004744988,5.02636435256624,4.28982992352267,0.737090743238428,0.72197622906146,0.840277777777778,0.159985961114637,-1.54228310764711,0.397133730864768
"sex1-3","WW","slow",105,"Low light acclimated",0.0410768771846615,1.3746702287175,NA,0.388515358755383,0.388515358755383,NA,NA,0.74650017193967,NA,1.21328186984909,1.27410055292483,0.291666666666667,NA,NA,0,NA,NA,NA,NA,NA,NA,3,4.29236111111111,0.98000614583281,0.0329418337871286,0.812295218594969,0.811145189877835,0.925795569110539,0.130431541358977,0.149984874260378,0.0665674464457122,0.0549408040587578,-0.0767254578944662,0,1.14478428665553,1.2605599125201,0.195075757575758,-0.310645247900141,5.02636435256624,3.83315776679708,0.709490054027216,0.676800551804701,0.559553872053872,0.270388717959484,-1.5422831076471,1.33279911479913
"bam1","WW","fast",109,"Low light acclimating",-0.164271424104158,1.47117927773518,1.33648486738405,0.317233384522444,0.317233384522444,0.023085775116126,0.226302474318164,0.90431518936997,1.19846279877629,1.43657120915178,1.5007342465664,0.458333333333333,0.576906167905661,3.5816406421531,0.00899625869074341,1.23639852561632,1.19504047744079,0.979166666666667,-0.152801752179668,0.0573252644297128,0.00308008920195243,3,4.29236111111111,0.901488561988455,0.0421801514262327,NA,1.26612522887272,1.43004296740251,0.134112949389771,0.0304169693334944,-0.148982305599563,0.0118423845799033,-0.227166576883775,0.188182040742966,1.43605151662947,1.49156720118873,0.441919191919192,0.290960268769087,0.690654652255511,0.00410229253957925,1.23616946716292,1.21607195979512,0.598274410774411,0.0971973034000944,-0.278920391353111,0.820693444088566
"bam1","WW","fast",109,"Low light acclimated",-0.164271424104158,1.47117927773518,NA,0.337978455254772,0.337978455254772,NA,NA,1.19846279877629,NA,1.55536224949599,1.62303681797369,0.0625,NA,NA,1.29596287926693,NA,NA,NA,NA,NA,NA,3,4.29236111111111,0.901488561988455,0.0421801514262327,1.26612522887272,1.26808545846379,1.43004296740251,0.134112949389771,0.0304169693334944,-0.148982305599563,0.0118423845799033,-0.227166576883775,0,1.5771880471867,1.60561446047194,0.369318181818182,0.102778228026121,0.690654652255521,0.0819096721703075,1.28321497734866,1.26808545846379,1,-0.0909847373428718,-0.278920391353102,0
"bam1","WW","fast",112,"Low light acclimating",0.0333468130272762,1.5420984063166,NA,0.355675944483038,0.355675944483038,NA,NA,0.822808689819332,NA,NA,NA,NA,NA,NA,NA,NA,NA,NA,NA,NA,NA,3,4.29236111111111,NA,NA,NA,NA,NA,NA,NA,NA,NA,NA,NA,NA,NA,NA,NA,NA,NA,NA,NA,NA,NA,NA,NA
"bam1","WW","fast",112,"Low light acclimated",0.0333468130272762,1.5420984063166,NA,NA,NA,NA,NA,NA,NA,NA,NA,NA,NA,NA,NA,NA,NA,NA,NA,NA,NA,3,4.29236111111111,NA,NA,NA,NA,NA,NA,NA,NA,NA,NA,0,NA,NA,NA,NA,NA,NA,NA,NA,NA,NA,NA,NA
"bam1","WW","slow",114,"Low light acclimating",-0.0499710169444445,1.71293131055223,1.43986285972996,0.328038817006097,0.328038817006097,0.328577013900515,0.0859786464396304,1.2635084341431,1.26297023724868,1.6576824359998,1.84589485209059,0.208333333333333,-0.384737119991139,6.8390691774546,5.74884007061078,1.22204328346013,1.18009858463698,0.729166666666667,-0.121555125144621,-3.02613994891225,1.28264569074648,3,4.29236111111111,0.983841860584161,0.0281219808425214,NA,1.3366566272992,1.40702016275048,0.0899390254862743,0.191212028448154,0.0538874795789709,0.0505761133446282,-0.0860680528359238,-0.0678803230640453,1.66471239093014,1.79321394798272,0.199915824915825,-0.396980636133372,6.11215622264958,4.2163004681715,1.21992416720636,1.19445906378951,0.632154882154882,0.229194203349045,-2.58560549227453,0.935534889257524
"bam1","WW","slow",114,"Low light acclimated",-0.0499710169444445,1.71293131055223,NA,0.32207897146292,0.32207897146292,NA,NA,1.26297023724868,NA,1.68186463878631,1.73760950618878,0.291666666666667,NA,NA,0,NA,NA,NA,NA,NA,NA,3,4.29236111111111,0.983841860584161,0.0281219808425214,1.3366566272992,1.33594954060061,1.40702016275048,0.0899390254862743,0.191212028448154,0.0538874795789709,0.0505761133446282,-0.0860680528359238,0,1.6138021486321,1.73830639952963,0.204755892255892,-0.329100313069326,6.11215622264959,3.95506269844853,1.20295408644035,1.16814613792311,0.612794612794613,0.29707452641309,-2.58560549227453,1.3529113218098
"bam3","WW","slow",116,"Low light acclimating",0.0255793343164267,1.28112814151334,0.802106880563779,0.301418164986236,0.301418164986236,0.454730466713725,0.189751876900088,0.790553646822825,0.637241345095336,1.00699441441312,1.11358023273539,0.0833333333333333,-0.504725052964692,1.5728418677878,4.19282045137778,0.597219346714441,0.56136895115963,0.666666666666667,-0.0482737431681147,-2.22858357184466,1.23147684944375,3,4.29236111111111,0.989375003515924,0.0196097415105868,NA,0.668584781984794,0.72029193563578,0.108333690040884,0.116899172228394,0.103686331286683,0.0193511254792114,-0.0773323988606381,-0.165604688444865,1.01118777013913,1.10337205633524,0.146675084175084,-0.492552067530797,2.79753653719128,3.62852623003485,0.595952382656128,0.570095025347248,0.651515151515152,0.147283063798381,-1.56191319303246,0.95978086541517
"bam3","WW","slow",116,"Low light acclimated",0.0255793343164267,1.28112814151334,NA,0.238579356780186,0.238579356780186,NA,NA,0.637241345095336,NA,0.940197809439568,0.969768333893334,0.208333333333333,NA,NA,0.0833844856564547,NA,NA,NA,NA,NA,NA,3,4.29236111111111,0.989375003515924,0.0196097415105868,0.668584781984794,0.666859733146827,0.72029193563578,0.108333690040884,0.116899172228394,0.103686331286683,0.0193511254792114,-0.0773323988606381,0,0.886984253805477,0.962001264864456,0.166035353535354,-0.326947379085932,2.79753653719128,2.78534052556471,0.554551210544912,0.505341112811446,0.593434343434343,0.312887752243246,-1.56191319303246,1.9979272490776
"bam3","WW","slow",117,"Low light acclimating",0.0786885619234979,1.39345123654767,0.75333315129024,0.263058539859645,0.263058539859645,0.564833712019696,0.375849088815769,0.785367562931808,0.483592390771757,1.03813795778335,1.17633722144845,0.229166666666667,-0.361123540836658,3.32786405697361,4.51018201617739,0.468528344797127,0.431582965774709,0.6875,-0.0332791510671913,-0.995205999649443,1.19952094965155,3,4.29236111111111,0.992258486506503,0.0231842025512571,NA,0.535564843609725,0.685213184625562,0.179196649638995,0.130604537165823,0.0731850260565954,0.0320776588449384,-0.0951786495022198,-0.137996195440982,1.0430548244868,1.13773623363179,0.185395622895623,-0.419237466947906,3.99727590054955,3.39966154936497,0.467219538448107,0.447093495702141,0.632154882154882,0.126315220350522,-1.59275532511911,0.734688907856919
"bam3","WW","slow",117,"Low light acclimated",0.0786885619234979,1.39345123654767,NA,0.396857226194688,0.396857226194688,NA,NA,0.483592390771757,NA,0.988304906771825,1.02757601394645,0.1875,NA,NA,0.0698339924587305,NA,NA,NA,NA,NA,NA,3,4.29236111111111,0.992258486506503,0.0231842025512571,0.535564843609725,0.534127383240548,0.685213184625562,0.179196649638995,0.130604537165823,0.0731850260565954,0.0320776588449384,-0.0951786495022198,0,0.939557677906065,1.02468438447187,0.199915824915825,-0.281241271506924,3.99727590054956,2.83102932322823,0.432720489587861,0.39222602623759,0.593434343434343,0.264311415791503,-1.59275532511911,1.6290957993963
"bam3","WW","slow",119,"Low light acclimating",0.0719684123180062,1.2098055012717,0.764269586091359,0.28978278990038,0.28978278990038,0.429303755478838,0.142457869380159,0.729224106447899,0.589703140869441,0.971847878841512,1.09305889344682,0.208333333333333,-0.452284911222367,2.64387927485922,4.36101565950852,0.556691293341205,0.500360166686115,0.666666666666667,-0.14634998150531,-2.94083412179972,1.87778855775248,3,4.29236111111111,0.984674171127005,0.0244479102080398,NA,0.649583616696655,0.704278346232089,0.108327139162207,0.133692191003016,0.0870874106225104,0.0199281631982538,-0.0828180681666857,-0.12168874886849,0.976236313788527,1.06626739497648,0.166035353535354,-0.448542546890503,3.37945006732925,3.40745042047434,0.555047165360937,0.521361953707555,0.656355218855219,0.191835183196046,-2.03158007217037,1.24064557109874
"bam3","WW","slow",119,"Low light acclimated",0.0719684123180062,1.2098055012717,NA,0.258480235533162,0.258480235533162,NA,NA,0.589703140869441,NA,0.939664098823568,0.971891139624029,0.1875,NA,NA,0.08635046304607,NA,NA,NA,NA,NA,NA,3,4.29236111111111,0.984674171127005,0.0244479102080398,0.649583616696655,0.648316025562609,0.704278346232089,0.108327139162207,0.133692191003016,0.0870874106225104,0.0199281631982538,-0.0828180681666857,0,0.88496975213716,0.964247158967135,0.180555555555556,-0.326853798022013,3.37945006732924,2.84195615010759,0.524624978143814,0.476076188275635,0.61763468013468,0.313523932064536,-2.03158007217037,1.92911249628541
"bam3","WW","slow",120,"Low light acclimating",0.0112918627024119,1.25535344931061,0.853556027132569,0.192135030625774,0.192135030625774,0.389317928599208,0.210363218091398,0.839345569439447,0.642162671466012,1.04987526441717,1.15871641288999,0.208333333333333,-0.144828078621187,2.29362011373349,3.4740831636629,0.657236789847968,0.584742826092286,0.583333333333333,-0.228642621569026,-1.71524921913893,2.49517014933798,3,4.29236111111111,0.97132680067921,0.0306956000080594,NA,0.687429840106249,0.788389922610356,0.0997489523807783,0.107301332601872,0.048145104591382,0.0351862687841027,-0.109566801260276,-0.129516656836975,1.05213993079927,1.13251492468209,0.204755892255892,-0.296390784777245,3.90505646968241,2.63624141064011,0.656356945766399,0.649378273961505,0.864478114478115,0.0251212430589252,-1.04791703850229,0.140366081024725
"bam3","WW","slow",120,"Low light acclimated",0.0112918627024119,1.25535344931061,NA,0.244931260789135,0.244931260789135,NA,NA,0.642162671466012,NA,0.986216339421864,1.04564652297619,0.291666666666667,NA,NA,0,NA,NA,NA,NA,NA,NA,3,4.29236111111111,0.97132680067921,0.0306956000080594,0.687429840106249,0.686080708264197,0.788389922610356,0.0997489523807783,0.107301332601872,0.048145104591382,0.0351862687841027,-0.109566801260276,0,0.95500243817154,1.0293367335212,0.219276094276094,-0.166874127940269,3.9050564696824,2.17780002083528,0.623977781557155,0.598204763460281,0.593434343434343,0.1546378998959,-1.04791703850229,1.02942944562864
"bam1 bam3","WW","slow",122,"Low light acclimating",0.0670322316405805,1.21540458930577,0.759413794327458,0.188747521863615,0.188747521863615,0.306651416407696,0.263004485696424,0.754035393058458,0.636131498514376,0.92470213026514,0.950464448297977,0.3125,-0.158984078175118,0.994650065232912,0.662219039170139,0.594125458389777,0.566437418302907,0.5625,0.0678948314733323,-1.11194942763367,1.06399489864103,3,4.29236111111111,0.987875225252942,0.016685294429134,NA,0.617004525773555,0.733858909125469,0.115632572001951,0.0629186860203905,0.0342787275786455,0.0185877732023125,-0.173289202857042,-0.057651046263645,0.932984102715961,0.970072691736721,0.248316498316498,-0.125640631193313,2.20317126901878,1.00723961957407,0.593474991108011,0.576005059500089,0.646675084175084,0.0196177798102583,-0.787531732392792,0.602857126531422
"bam1 bam3","WW","slow",122,"Low light acclimated",0.0670322316405805,1.21540458930577,NA,0.169408336377656,0.169408336377656,NA,NA,0.636131498514376,NA,0.896897024861831,0.939715545462563,0.25,NA,NA,0.00834142141046982,NA,NA,NA,NA,NA,NA,3,4.29236111111111,0.987875225252942,0.016685294429134,0.617004525773555,0.616403994041642,0.733858909125469,0.115632572001951,0.0629186860203905,0.0342787275786455,0.0185877732023125,-0.173289202857042,0,0.889745818018227,0.926459097095304,0.257996632996633,-0.0679895849296677,2.20317126901878,0.856383569847678,0.5790622295421,0.554597289424785,0.632154882154882,0.0772688260739033,-0.787531732392782,0.927331233193796
"bam1 bam3","WW","moderate",125,"Low light acclimating",0.052623119289117,1.27541760816621,0.881151248628248,0.268463656164195,0.268463656164195,0.316158674519495,0.164997335282309,0.783876032934914,0.736181014579614,1.0666571962491,1.17514563423358,0.208333333333333,-0.285643661609422,3.57492820653731,3.58126221943525,0.695645301007392,0.677639956671575,0.8125,-0.029823481146443,-2.05981585618572,0.463999291168163,3,4.29236111111111,0.993337296831086,0.0140262430494742,NA,0.746735947854975,0.819280021577898,0.0866657109654731,0.116230590695092,0.0548879569038053,0.0293264735383008,-0.0895346198166809,-0.123728231479612,1.06956197960316,1.15157120257674,0.19023569023569,-0.325546617790197,3.68962190002841,2.84391026639373,0.694348590726798,0.680737041466904,0.801557239057239,0.0606701298105384,-1.58310549515825,0.342871815110914
"bam1 bam3","WW","moderate",125,"Low light acclimated",0.052623119289117,1.27541760816621,NA,0.197924723448608,0.197924723448608,NA,NA,0.736181014579614,NA,1.01516754631866,1.05570651827554,0.229166666666667,NA,NA,0.022728971570373,NA,NA,NA,NA,NA,NA,3,4.29236111111111,0.993337296831086,0.0140262430494742,0.746735947854975,0.745447112110396,0.819280021577898,0.0866657109654731,0.116230590695092,0.0548879569038053,0.0293264735383008,-0.0895346198166809,0,0.97676580599345,1.05106834318367,0.204755892255892,-0.201818386310584,3.68962190002842,2.35675850154857,0.663416532856895,0.640027744055328,0.61763468013468,0.184398361290151,-1.58310549515825,0.909138368361761
"bam1 bam3","WW","moderate",126,"Low light acclimating",0.0707017935685872,1.17839689492614,0.789120487305827,0.212706855922801,0.212706855922801,0.212378257451837,0.147443253118833,0.662394317718018,0.662722916188982,0.950704980447123,1.05934348155179,0.208333333333333,-0.110344562461991,4.40815067551393,3.19452755827752,0.627535994164531,0.591247218382681,0.541666666666667,-0.0251719683199287,-1.7806049035676,1.35297990702296,3,4.29236111111111,0.986812541037031,0.0173402821102301,NA,0.66084053684145,0.738861415420767,0.0741437210112798,0.104502313897523,0.0499977030645348,0.037271065774773,-0.119948580808704,-0.0986194331804376,0.951932393148629,1.03014182744863,0.214436026936027,-0.263820722305882,3.96754833699691,2.45183270504414,0.626822923246697,0.611305492229385,0.607954545454546,0.0587376126299361,-0.834251227621445,0.583706383081299
"bam1 bam3","WW","moderate",126,"Low light acclimated",0.0707017935685872,1.17839689492614,NA,0.162701264385509,0.162701264385509,NA,NA,0.662722916188982,NA,0.905574368430871,0.950840331364572,0.208333333333333,NA,NA,0.0684922305057842,NA,NA,NA,NA,NA,NA,3,4.29236111111111,0.986812541037031,0.0173402821102301,0.66084053684145,0.659813251079154,0.738861415420767,0.0741437210112798,0.104502313897523,0.0499977030645348,0.037271065774773,-0.119948580808704,0,0.8779678182633,0.95231146924698,0.224116161616162,-0.165201289125444,3.96754833699691,2.12069875171421,0.602168064951587,0.57048158942335,0.588594276094276,0.157357045810374,-0.834251227621445,1.27760295002503
"bam1 bam3","WW","moderate",127,"Low light acclimating",0.08212882537056,1.15743946676371,0.737729345154179,0.200507878784299,0.200507878784299,0.353778906177541,0.270404064182761,0.70871058549298,0.555439558099739,0.939520578040742,1.04509266269242,0.208333333333333,-0.182097998749314,3.28014763091355,3.16956467417665,0.535938112267616,0.513131954048262,0.8125,0.00809832849933818,-0.758644759979527,0.570534866790371,3,4.29236111111111,0.991856157176678,0.0167749312406332,NA,0.572293338020057,0.683309067089753,0.116052683804843,0.100526796930859,0.0564949822521604,0.0327988122030847,-0.0987717266600006,-0.108591241933992,0.94205563935191,1.01915631276537,0.199915824915825,-0.287417867770058,3.52879194849533,2.60506327677189,0.53509255352728,0.528291937058118,0.61763468013468,0.0543537912729927,-1.01127967456461,0.226227263562445
"bam1 bam3","WW","moderate",127,"Low light acclimated",0.08212882537056,1.15743946676371,NA,0.24512183918781,0.24512183918781,NA,NA,0.555439558099739,NA,0.892159671146587,0.92807801764587,0.1875,NA,NA,0.0920393491466732,NA,NA,NA,NA,NA,NA,3,4.29236111111111,0.991856157176678,0.0167749312406332,0.572293338020057,0.571162179249911,0.683309067089753,0.116052683804843,0.100526796930859,0.0564949822521604,0.0327988122030847,-0.0987717266600006,0,0.860612207901416,0.93165499097275,0.20959595959596,-0.178826625836066,3.52879194849533,2.19574219331036,0.507944743043782,0.483545945178673,0.583754208754209,0.162945033206985,-1.01127967456461,0.983414802268144
"bam1 bam3","WW","moderate",128,"Low light acclimating",0.0261140873776393,1.27877910136537,0.870992493805335,0.229131188670176,0.229131188670176,0.243224736095039,0.172758089563481,0.761581491039862,0.747487943614999,1.01334181408113,1.08518627164764,0.25,-0.113949036197458,2.15695112947463,1.96904626841035,0.728643173529546,0.696328243044214,0.541666666666667,-0.0331117913466621,-1.15680110812956,1.22931488538873,3,4.29236111111111,0.984956971852494,0.0184018590088037,NA,0.79357759265963,0.889718258125312,0.0949942435225326,0.0956268479596582,0.0472034833293815,0.0301889118187929,-0.100028642082839,0.036434113046997,1.01702697483401,1.08111274293692,0.219276094276094,-0.111705633011223,3.37956404112083,1.84067323858026,0.727773726798713,0.702946331939548,0.583754208754209,0.170423254410383,-1.04451183425688,1.00155327335913
"bam1 bam3","WW","moderate",128,"Low light acclimated",0.0261140873776393,1.27877910136537,NA,0.2191559673529,0.2191559673529,NA,NA,0.747487943614999,NA,1.07615284221983,1.1210311004242,0.1875,NA,NA,0.123073504326085,NA,NA,NA,NA,NA,NA,3,4.29236111111111,0.984956971852494,0.0184018590088037,0.79357759265963,0.793957114670536,0.889718258125312,0.0949942435225326,0.0956268479596582,0.0472034833293815,0.0301889118187929,-0.100028642082839,0,1.04435255961926,1.11000559103117,0.214436026936027,-0.14813974605822,3.37956404112082,1.96637507141246,0.736882255060462,0.718299788194901,0.593434343434343,0.133989141363386,-1.04451183425688,0.735683144166193
