idChamber;date;Air humidity;Air temperature;Light;VPD
C1;2018-04-11 00:00:00;66.39;21.92;-8.89;0.884
C1;2018-04-11 00:10:00;64.16;21.85;-9;0.939
C1;2018-04-11 00:20:00;66.54;21.92;-9.1;0.88
C1;2018-04-11 00:30:00;64.37;21.8;-9.1;0.931
C1;2018-04-11 00:40:00;69.52;21.9;-9;0.801
C1;2018-04-11 00:50:00;64.17;21.77;-8.47;0.934
C1;2018-04-11 01:00:00;67.89;21.87;-8.57;0.842
C1;2018-04-11 01:10:00;64.01;21.82;-7.83;0.941
C1;2018-04-11 01:20:00;67.09;21.92;-8.15;0.866
C1;2018-04-11 01:30:00;65.28;21.77;-8.04;0.905
C1;2018-04-11 01:40:00;65.82;21.91;-8.89;0.899
C1;2018-04-11 01:50:00;63.33;21.86;-8.04;0.961
C1;2018-04-11 02:00:00;67.43;21.88;-9.21;0.854
C1;2018-04-11 02:10:00;62.85;21.92;-8.36;0.977
C1;2018-04-11 02:20:00;67.71;21.83;-8.89;0.845
C1;2018-04-11 02:30:00;64.67;21.95;-8.68;0.931
C1;2018-04-11 02:40:00;66.6;21.82;-8.57;0.873
C1;2018-04-11 02:50:00;64.61;21.93;-8.89;0.931
C1;2018-04-11 03:00:00;65.45;21.79;-8.47;0.901
C1;2018-04-11 03:10:00;66.12;21.9;-8.78;0.89
C1;2018-04-11 03:20:00;63.42;21.83;-8.36;0.957
C1;2018-04-11 03:30:00;68.52;21.8;-8.89;0.822
C1;2018-04-11 03:40:00;64.29;21.85;-9.74;0.935
C1;2018-04-11 03:50:00;64.36;21.82;-10.38;0.932
C1;2018-04-11 04:00:00;67.53;21.82;-10.28;0.849
C1;2018-04-11 04:10:00;63.22;21.82;-10.28;0.961
C1;2018-04-11 04:20:00;67.87;21.69;-10.7;0.833
C1;2018-04-11 04:30:00;65.28;21.81;-10.06;0.907
C1;2018-04-11 04:40:00;63.59;21.69;-10.7;0.944
C1;2018-04-11 04:50:00;67.01;21.71;-10.28;0.857
C1;2018-04-11 05:00:00;64.3;21.78;-10.17;0.931
C1;2018-04-11 05:10:00;64.62;21.67;-9.96;0.916
C1;2018-04-11 05:20:00;66.27;21.7;-10.38;0.875
C1;2018-04-11 05:30:00;63.31;21.73;-10.06;0.954
C1;2018-04-11 05:40:00;63.55;21.68;-11.13;0.945
C1;2018-04-11 05:50:00;68.05;21.64;-11.34;0.826
C1;2018-04-11 06:00:00;66.79;21.69;-11.34;0.861
C1;2018-04-11 06:10:00;64.82;21.75;-10.59;0.916
C1;2018-04-11 06:20:00;65.04;21.71;-11.02;0.908
C1;2018-04-11 06:30:00;66.57;21.67;-11.13;0.866
C1;2018-04-11 06:40:00;66.88;21.6;-11.13;0.854
C1;2018-04-11 06:50:00;64.96;21.62;-10.7;0.905
C1;2018-04-11 07:00:00;64.38;21.67;-10.7;0.923
C1;2018-04-11 07:10:00;66.5;21.8;-10.91;0.874
C1;2018-04-11 07:20:00;64.9;21.75;-10.49;0.914
C1;2018-04-11 07:30:00;68.27;21.56;-10.81;0.817
C1;2018-04-11 07:40:00;63.88;21.6;-9.64;0.931
C1;2018-04-11 07:50:00;65;21.72;-10.28;0.909
C1;2018-04-11 08:00:00;66.18;21.66;-9.85;0.875
C1;2018-04-11 08:10:00;64.99;21.97;172.7;0.923
C1;2018-04-11 08:20:00;63.81;22.31;195.8;0.975
C1;2018-04-11 08:30:00;64.45;22.24;194.6;0.955
C1;2018-04-11 08:40:00;66.51;22.27;194.1;0.901
C1;2018-04-11 08:50:00;68.89;22.2;192.4;0.833
C1;2018-04-11 09:00:00;63.32;22.27;188.7;0.985
C1;2018-04-11 09:10:00;64.32;22.14;189;0.952
C1;2018-04-11 09:20:00;64.06;22.41;186.8;0.974
C1;2018-04-11 09:30:00;62.04;22.27;186.5;1.02
C1;2018-04-11 09:40:00;61.9;22.25;192.4;1.022
C1;2018-04-11 09:50:00;65.81;22.16;190.6;0.913
C1;2018-04-11 10:00:00;64.76;22.24;193.6;0.946
C1;2018-04-11 10:10:00;64.69;22.33;172.3;0.952
C1;2018-04-11 10:20:00;65.59;22.09;183;0.915
C1;2018-04-11 10:30:00;63.8;22.08;189.1;0.962
C1;2018-04-11 10:40:00;65.33;22.16;173.5;0.925
C1;2018-04-11 10:50:00;64.06;22.24;184.1;0.964
C1;2018-04-11 11:00:00;64.41;22.13;188.3;0.948
C1;2018-04-11 11:10:00;63.74;22.05;187.3;0.962
C1;2018-04-11 11:20:00;63.95;22.18;185.8;0.964
C1;2018-04-11 11:30:00;64.34;22.19;180.1;0.953
C1;2018-04-11 11:40:00;64.3;22.38;188.7;0.965
C1;2018-04-11 11:50:00;64.75;21.98;182.2;0.931
C1;2018-04-11 12:00:00;64.85;22.21;175.8;0.941
C1;2018-04-11 12:10:00;63.54;22.39;191.2;0.987
C1;2018-04-11 12:20:00;62.24;21.98;177.8;0.996
C1;2018-04-11 12:30:00;65.73;22.06;189.3;0.909
C1;2018-04-11 12:40:00;65.07;22.31;194;0.941
C1;2018-04-11 12:50:00;65.2;22.22;174.7;0.933
C1;2018-04-11 13:00:00;65.84;21.89;184.1;0.898
C1;2018-04-11 13:10:00;64.83;22.15;190.1;0.939
C1;2018-04-11 13:20:00;64.91;22.27;174.2;0.943
C1;2018-04-11 13:30:00;66.81;22.06;185.8;0.882
C1;2018-04-11 13:40:00;63.64;22.15;190.9;0.969
C1;2018-04-11 13:50:00;65.9;22.32;193.6;0.92
C1;2018-04-11 14:00:00;64.11;22.22;193.9;0.962
C1;2018-04-11 14:10:00;63.45;22.33;178.5;0.986
C1;2018-04-11 14:20:00;65.2;21.96;184.2;0.918
C1;2018-04-11 14:30:00;63.02;22.23;178.1;0.991
C1;2018-04-11 14:40:00;67.07;22.32;178.8;0.887
C1;2018-04-11 14:50:00;65.4;22.28;185.6;0.931
C1;2018-04-11 15:00:00;64.85;22.21;182.4;0.94
C1;2018-04-11 15:10:00;64.97;22.3;178.1;0.942
C1;2018-04-11 15:20:00;64.58;22.33;185;0.955
C1;2018-04-11 15:30:00;64.2;22.26;189.1;0.962
C1;2018-04-11 15:40:00;65.17;22.22;174.9;0.933
C1;2018-04-11 15:50:00;64.06;22.34;187;0.97
C1;2018-04-11 16:00:00;66.04;22.1;186.6;0.903
C1;2018-04-11 16:10:00;64.31;22.28;172.3;0.959
C1;2018-04-11 16:20:00;64.69;22.31;184.1;0.95
C1;2018-04-11 16:30:00;64.42;22.21;188.6;0.951
C1;2018-04-11 16:40:00;64.48;22.04;171;0.942
C1;2018-04-11 16:50:00;65.25;22.22;190.1;0.931
C1;2018-04-11 17:00:00;65.38;22.33;193.5;0.934
C1;2018-04-11 17:10:00;64.2;22.24;178.9;0.96
C1;2018-04-11 17:20:00;64.43;22.21;193.3;0.952
C1;2018-04-11 17:30:00;63.67;22.33;196.6;0.98
C1;2018-04-11 17:40:00;63.24;22.13;180.6;0.979
C1;2018-04-11 17:50:00;64.87;22.11;194.2;0.935
C1;2018-04-11 18:00:00;64.28;22.2;196.1;0.956
C1;2018-04-11 18:10:00;65.12;22.22;180.6;0.934
C1;2018-04-11 18:20:00;65.24;22.26;195.2;0.933
C1;2018-04-11 18:30:00;65.24;22.32;200.4;0.937
C1;2018-04-11 18:40:00;68.67;22.07;183.9;0.833
C1;2018-04-11 18:50:00;63.62;22.31;196.8;0.98
C1;2018-04-11 19:00:00;64.18;22.3;201.5;0.964
C1;2018-04-11 19:10:00;64.65;22.18;175.3;0.944
C1;2018-04-11 19:20:00;63.18;22.02;188.1;0.974
C1;2018-04-11 19:30:00;64.59;22.4;193.4;0.958
C1;2018-04-11 19:40:00;64.52;22.19;180.4;0.949
C1;2018-04-11 19:50:00;65.46;22.34;188.5;0.932
C1;2018-04-11 20:00:00;64.02;22.06;185.6;0.954
C1;2018-04-11 20:10:00;66.44;22.54;-10.8;0.917
C1;2018-04-11 20:20:00;65.31;22.35;-10.16;0.937
C1;2018-04-11 20:30:00;67.43;22.18;-10.38;0.87
C1;2018-04-11 20:40:00;68.31;21.86;-11.12;0.831
C1;2018-04-11 20:50:00;67.58;22;-10.7;0.856
C1;2018-04-11 21:00:00;65.91;22.21;-10.59;0.912
C1;2018-04-11 21:10:00;65.33;22.24;-10.17;0.93
C1;2018-04-11 21:20:00;65.47;21.93;-11.34;0.909
C1;2018-04-11 21:30:00;65.79;21.99;-11.12;0.903
C1;2018-04-11 21:40:00;66.05;22.19;-10.81;0.908
C1;2018-04-11 21:50:00;66.03;22.15;-11.76;0.906
C1;2018-04-11 22:00:00;67.81;22.06;-11.66;0.854
C1;2018-04-11 22:10:00;65.91;22.06;-10.81;0.904
C1;2018-04-11 22:20:00;67.2;22.09;-10.38;0.872
C1;2018-04-11 22:30:00;65.52;22.11;-11.13;0.917
C1;2018-04-11 22:40:00;65.41;22.15;-10.6;0.923
C1;2018-04-11 22:50:00;65.73;22.05;-10.28;0.908
C1;2018-04-11 23:00:00;65.94;22.05;-10.7;0.903
C1;2018-04-11 23:10:00;66.58;21.99;-10.7;0.882
C1;2018-04-11 23:20:00;66.84;22.14;-11.02;0.884
C1;2018-04-11 23:30:00;66.16;22.09;-10.49;0.899
C1;2018-04-11 23:40:00;66.12;22.04;-10.81;0.898
C1;2018-04-11 23:50:00;66.72;22.05;-11.55;0.882
C1;2018-04-12 00:00:00;66.72;22.08;-10.91;0.884
C1;2018-04-12 00:10:00;65.31;22.09;-11.45;0.922
C1;2018-04-12 00:20:00;66.13;22.08;-11.55;0.899
C1;2018-04-12 00:30:00;67.14;22.08;-10.91;0.873
C1;2018-04-12 00:40:00;66.59;22.09;-11.13;0.888
C1;2018-04-12 00:50:00;65.95;22.09;-11.77;0.905
C1;2018-04-12 01:00:00;66.36;22.13;-11.23;0.896
C1;2018-04-12 01:10:00;65.53;22.02;-11.23;0.912
C1;2018-04-12 01:20:00;66.23;22.05;-11.34;0.895
C1;2018-04-12 01:30:00;66.11;22.08;-11.13;0.9
C1;2018-04-12 01:40:00;66.67;22.09;-10.81;0.885
C1;2018-04-12 01:50:00;66.08;22.05;-11.34;0.899
C1;2018-04-12 02:00:00;66.49;22.07;-11.34;0.889
C1;2018-04-12 02:10:00;65.03;22.11;-10.6;0.93
C1;2018-04-12 02:20:00;66.11;22.06;-10.81;0.899
C1;2018-04-12 02:30:00;67.47;21.99;-11.45;0.859
C1;2018-04-12 02:40:00;67.13;22.08;-10.7;0.873
C1;2018-04-12 02:50:00;66.1;22.2;-10.7;0.907
C1;2018-04-12 03:00:00;66.39;22.06;-10.91;0.891
C1;2018-04-12 03:10:00;65.67;21.94;-11.34;0.904
C1;2018-04-12 03:20:00;67.67;22.13;-11.23;0.861
C1;2018-04-12 03:30:00;66.43;22.18;-11.23;0.897
C1;2018-04-12 03:40:00;65.77;22.02;-11.23;0.906
C1;2018-04-12 03:50:00;66.06;21.97;-11.02;0.895
C1;2018-04-12 04:00:00;67;22.15;-10.6;0.88
C1;2018-04-12 04:10:00;66.94;22.03;-11.13;0.875
C1;2018-04-12 04:20:00;65.76;22.05;-11.23;0.908
C1;2018-04-12 04:30:00;65.12;22.05;-11.02;0.924
C1;2018-04-12 04:40:00;67.41;22.02;-11.34;0.862
C1;2018-04-12 04:50:00;67.86;22.12;-11.02;0.856
C1;2018-04-12 05:00:00;66.16;22.17;-9.74;0.904
C1;2018-04-12 05:10:00;65.69;22.02;-10.7;0.908
C1;2018-04-12 05:20:00;65.72;21.99;-10.91;0.905
C1;2018-04-12 05:30:00;66.17;22.14;-10.6;0.902
C1;2018-04-12 05:40:00;66.38;22.15;-9.85;0.896
C1;2018-04-12 05:50:00;66.18;22.01;-9.96;0.894
C1;2018-04-12 06:00:00;67.15;21.99;-11.02;0.868
C1;2018-04-12 06:10:00;66.4;22.04;-11.34;0.89
C1;2018-04-12 06:20:00;66.01;22.17;-10.28;0.907
C1;2018-04-12 06:30:00;65.91;22.07;-10.7;0.905
C1;2018-04-12 06:40:00;66.52;22.03;-10.6;0.887
C1;2018-04-12 06:50:00;66.57;22.06;-10.6;0.887
C1;2018-04-12 07:00:00;66.96;22.13;-10.38;0.88
C1;2018-04-12 07:10:00;67.05;22.11;-10.28;0.877
C1;2018-04-12 07:20:00;67.25;21.97;-11.02;0.864
C1;2018-04-12 07:30:00;66.8;22.05;-10.49;0.88
C1;2018-04-12 07:40:00;66.39;22.1;-10.17;0.894
C1;2018-04-12 07:50:00;65.71;22.07;-9.96;0.91
C1;2018-04-12 08:00:00;67.12;22;-10.38;0.869
C1;2018-04-12 08:10:00;65.89;22.34;170.7;0.92
C1;2018-04-12 08:20:00;65.97;22.4;188.8;0.922
C1;2018-04-12 08:30:00;63.73;22.06;187.7;0.962
C1;2018-04-12 08:40:00;65.13;22.19;186.4;0.933
C1;2018-04-12 08:50:00;64.86;22.17;187.4;0.938
C1;2018-04-12 09:00:00;65.53;22.13;187.9;0.919
C1;2018-04-12 09:10:00;63.91;22.21;172.2;0.966
C1;2018-04-12 09:20:00;64.54;22.2;183;0.948
C1;2018-04-12 09:30:00;63.39;21.9;186.9;0.961
C1;2018-04-12 09:40:00;64.52;22.31;170.4;0.956
C1;2018-04-12 09:50:00;65.4;22.34;181.6;0.934
C1;2018-04-12 10:00:00;64.92;22.24;184.5;0.941
C1;2018-04-12 10:10:00;65.94;22.22;175.3;0.913
C1;2018-04-12 10:20:00;65.81;21.97;185;0.903
C1;2018-04-12 10:30:00;65.87;22.2;189.3;0.915
C1;2018-04-12 10:40:00;65.63;22.14;174;0.917
C1;2018-04-12 10:50:00;66.4;22.17;185.1;0.897
C1;2018-04-12 11:00:00;64.8;22.21;188.6;0.942
C1;2018-04-12 11:10:00;64.23;22.31;170.6;0.964
C1;2018-04-12 11:20:00;63.55;21.84;182.9;0.953
C1;2018-04-12 11:30:00;66.7;22.15;189.1;0.89
C1;2018-04-12 11:40:00;64.68;22.37;172.1;0.955
C1;2018-04-12 11:50:00;66;22.12;184.6;0.906
C1;2018-04-12 12:00:00;65.01;22.07;188.7;0.929
C1;2018-04-12 12:10:00;65.46;22.31;172.9;0.93
C1;2018-04-12 12:20:00;64.04;22.28;187.5;0.967
C1;2018-04-12 12:30:00;65.84;22.14;193.7;0.911
C1;2018-04-12 12:40:00;66.99;22.19;177.6;0.883
C1;2018-04-12 12:50:00;65.2;22.27;190.7;0.936
C1;2018-04-12 13:00:00;64.65;22.29;194.1;0.951
C1;2018-04-12 13:10:00;63.96;22.31;177.6;0.97
C1;2018-04-12 13:20:00;68.02;22.24;190;0.858
C1;2018-04-12 13:30:00;63.28;22.01;197.1;0.972
C1;2018-04-12 13:40:00;65.83;22.23;178.7;0.916
C1;2018-04-12 13:50:00;64.57;22.31;192.6;0.955
C1;2018-04-12 14:00:00;64.23;22.28;196.9;0.962
C1;2018-04-12 14:10:00;65.11;22.12;179.4;0.931
C1;2018-04-12 14:20:00;65.21;21.99;190.2;0.919
C1;2018-04-12 14:30:00;65.66;22.21;190;0.92
C1;2018-04-12 14:40:00;65.62;22.2;179.2;0.92
C1;2018-04-12 14:50:00;65.08;22.28;190;0.939
C1;2018-04-12 15:00:00;64.16;22.16;190.7;0.956
C1;2018-04-12 15:10:00;66.25;22.33;171;0.911
C1;2018-04-12 15:20:00;65.47;22.14;186.3;0.921
C1;2018-04-12 15:30:00;64.98;22.05;188.5;0.929
C1;2018-04-12 15:40:00;66.01;22.24;172;0.912
C1;2018-04-12 15:50:00;64.06;22.31;183.2;0.968
C1;2018-04-12 16:00:00;64.35;22.19;187.2;0.953
C1;2018-04-12 16:10:00;64.85;22.24;170.3;0.942
C1;2018-04-12 16:20:00;66.92;22.04;182.8;0.877
C1;2018-04-12 16:30:00;65.22;22.34;186.8;0.938
C1;2018-04-12 16:40:00;68.77;22.15;171.2;0.834
C1;2018-04-12 16:50:00;64.64;22.28;182.3;0.951
C1;2018-04-12 17:00:00;65.73;22.37;184.2;0.927
C1;2018-04-12 17:10:00;64.71;22.12;169.2;0.939
C1;2018-04-12 17:20:00;64.54;22.11;190.5;0.944
C1;2018-04-12 17:30:00;65.45;22.26;195.1;0.928
C1;2018-04-12 17:40:00;68;22.21;180.2;0.857
C1;2018-04-12 17:50:00;65.2;22.29;191.9;0.937
C1;2018-04-12 18:00:00;64.76;22.32;197.8;0.95
C1;2018-04-12 18:10:00;64.25;22.21;182.2;0.956
C1;2018-04-12 18:20:00;64.89;22.17;190;0.937
C1;2018-04-12 18:30:00;65.67;22.33;194.7;0.926
C1;2018-04-12 18:40:00;68.5;21.98;180.2;0.833
C1;2018-04-12 18:50:00;64.46;22.38;189.5;0.962
C1;2018-04-12 19:00:00;65.72;22.1;194.4;0.913
C1;2018-04-12 19:10:00;66.05;22.06;179.1;0.901
C1;2018-04-12 19:20:00;63.63;22.31;186.1;0.979
C1;2018-04-12 19:30:00;65.09;22.24;185.3;0.935
C1;2018-04-12 19:40:00;63.74;22.16;184.6;0.967
C1;2018-04-12 19:50:00;64.63;22.31;191.6;0.952
C1;2018-04-12 20:00:00;65.73;22.17;188.6;0.916
C1;2018-04-12 20:10:00;67.42;22.54;-10.38;0.89
C1;2018-04-12 20:20:00;65.58;22.4;-10.16;0.932
C1;2018-04-12 20:30:00;65.68;22.05;-10.06;0.91
C1;2018-04-12 20:40:00;67.01;21.89;-10.91;0.866
C1;2018-04-12 20:50:00;66.54;22.14;-10.27;0.892
C1;2018-04-12 21:00:00;67.77;22.02;-10.81;0.853
C1;2018-04-12 21:10:00;67.05;21.99;-11.45;0.869
C1;2018-04-12 21:20:00;67.11;22.23;-10.7;0.882
C1;2018-04-12 21:30:00;66.8;22.08;-10.81;0.882
C1;2018-04-12 21:40:00;65.99;22.01;-11.55;0.899
C1;2018-04-12 21:50:00;65.64;22.23;-11.34;0.921
C1;2018-04-12 22:00:00;66.95;22.09;-10.91;0.879
C1;2018-04-12 22:10:00;65.96;22.01;-11.13;0.9
C1;2018-04-12 22:20:00;66.05;22.05;-10.91;0.901
C1;2018-04-12 22:30:00;66.72;22.08;-11.34;0.884
C1;2018-04-12 22:40:00;66.7;22.01;-10.92;0.88
C1;2018-04-12 22:50:00;65.97;22.19;-10.49;0.91
C1;2018-04-12 23:00:00;67.36;22.11;-11.23;0.869
C1;2018-04-12 23:10:00;66.5;22.11;-11.13;0.891
C1;2018-04-12 23:20:00;66;22.09;-11.13;0.903
C1;2018-04-12 23:30:00;66.25;22.07;-10.81;0.896
C1;2018-04-12 23:40:00;67.35;22.09;-10.91;0.867
C1;2018-04-12 23:50:00;66.08;22.16;-10.7;0.905
C1;2018-04-13 00:00:00;66.75;22.05;-10.81;0.881
C1;2018-04-13 00:10:00;67.58;22.04;-11.13;0.859
C1;2018-04-13 00:20:00;65.97;22.16;-11.45;0.908
C1;2018-04-13 00:30:00;65.94;22.05;-10.91;0.903
C1;2018-04-13 00:40:00;65.91;22.01;-11.34;0.901
C1;2018-04-13 00:50:00;66.2;22.01;-10.91;0.894
C1;2018-04-13 01:00:00;67.22;22.13;-10.06;0.873
C1;2018-04-13 01:10:00;66.89;22.05;-10.91;0.878
C1;2018-04-13 01:20:00;66.96;22.02;-10.91;0.874
C1;2018-04-13 01:30:00;66.37;22.1;-10.92;0.894
C1;2018-04-13 01:40:00;66.2;22.1;-11.02;0.898
C1;2018-04-13 01:50:00;67.18;22.1;-10.49;0.872
C1;2018-04-13 02:00:00;66.97;22.1;-10.7;0.878
C1;2018-04-13 02:10:00;66.37;22.02;-11.13;0.89
C1;2018-04-13 02:20:00;66.9;22.07;-10.91;0.879
C1;2018-04-13 02:30:00;66.76;22.07;-10.6;0.882
C1;2018-04-13 02:40:00;66.13;22.06;-10.49;0.898
C1;2018-04-13 02:50:00;65.28;22.1;-10.81;0.923
C1;2018-04-13 03:00:00;66.98;22.07;-11.02;0.877
C1;2018-04-13 03:10:00;66.83;22.09;-11.34;0.881
C1;2018-04-13 03:20:00;65.94;22.06;-10.81;0.903
C1;2018-04-13 03:30:00;66.47;22.02;-11.02;0.887
C1;2018-04-13 03:40:00;66.06;22.08;-10.91;0.901
C1;2018-04-13 03:50:00;67.12;22.06;-11.13;0.872
C1;2018-04-13 04:00:00;67.69;22.11;-11.34;0.859
C1;2018-04-13 04:10:00;66.13;22.09;-11.13;0.9
C1;2018-04-13 04:20:00;66.33;22.07;-11.02;0.894
C1;2018-04-13 04:30:00;66.85;21.97;-11.23;0.875
C1;2018-04-13 04:40:00;67.64;22;-10.81;0.855
C1;2018-04-13 04:50:00;65.92;22.17;-10.38;0.91
C1;2018-04-13 05:00:00;67.05;22.11;-10.49;0.876
C1;2018-04-13 05:10:00;67.42;22.01;-10.91;0.862
C1;2018-04-13 05:20:00;67.01;22.12;-10.17;0.878
C1;2018-04-13 05:30:00;66.08;22.09;-11.02;0.902
C1;2018-04-13 05:40:00;67.4;22.04;-11.13;0.863
C1;2018-04-13 05:50:00;66.88;22.11;-11.02;0.881
C1;2018-04-13 06:00:00;66.21;22.09;-10.81;0.898
C1;2018-04-13 06:10:00;66.66;22.11;-10.38;0.887
C1;2018-04-13 06:20:00;67.05;22.15;-10.28;0.879
C1;2018-04-13 06:30:00;66.41;22.1;-10.49;0.893
C1;2018-04-13 06:40:00;66.29;22.09;-10.91;0.896
C1;2018-04-13 06:50:00;66.79;22.14;-10.91;0.885
C1;2018-04-13 07:00:00;66.77;22.12;-11.02;0.885
C1;2018-04-13 07:10:00;66.51;22.1;-11.02;0.89
C1;2018-04-13 07:20:00;67.37;22.03;-11.34;0.864
C1;2018-04-13 07:30:00;66.37;22.02;-10.81;0.89
C1;2018-04-13 07:40:00;64.06;22.22;-11.13;0.962
C1;2018-04-13 07:50:00;63.98;22.24;-10.7;0.966
C1;2018-04-13 08:00:00;66.43;22.03;-11.02;0.889
C1;2018-04-13 08:10:00;66.55;22.29;143.8;0.899
C1;2018-04-13 08:20:00;63.25;22.3;181.2;0.989
C1;2018-04-13 08:30:00;63.35;22.18;178.1;0.979
C1;2018-04-13 08:40:00;66.87;22.22;176.4;0.888
C1;2018-04-13 08:50:00;64.55;22.34;180.8;0.957
C1;2018-04-13 09:00:00;63.45;22.28;180.7;0.983
C1;2018-04-13 09:10:00;65.32;22.16;175;0.926
C1;2018-04-13 09:20:00;64.07;22.15;185.9;0.957
C1;2018-04-13 09:30:00;63.79;22.23;192.9;0.97
C1;2018-04-13 09:40:00;66.75;22.2;177.3;0.89
C1;2018-04-13 09:50:00;64.89;22.31;188.8;0.947
C1;2018-04-13 10:00:00;65.19;22.15;194.4;0.928
C1;2018-04-13 10:10:00;65.58;22.4;171.7;0.932
C1;2018-04-13 10:20:00;62.99;22.33;184.4;0.998
C1;2018-04-13 10:30:00;64.92;22.09;188.3;0.932
C1;2018-04-13 10:40:00;63.58;22.35;187.8;0.984
C1;2018-04-13 10:50:00;63.63;22.21;187.5;0.975
C1;2018-04-13 11:00:00;63.51;22;188.8;0.965
C1;2018-04-13 11:10:00;66.18;22.13;187.8;0.902
C1;2018-04-13 11:20:00;65.51;22.27;174.7;0.927
C1;2018-04-13 11:30:00;66.62;22.14;192.9;0.891
C1;2018-04-13 11:40:00;69.37;22.13;178.6;0.817
C1;2018-04-13 11:50:00;63.39;22.31;191.2;0.986
C1;2018-04-13 12:00:00;64.39;22.37;194.4;0.964
C1;2018-04-13 12:10:00;67.62;22.17;180.7;0.866
C1;2018-04-13 12:20:00;67.28;22.11;193.6;0.871
C1;2018-04-13 12:30:00;64.95;22.38;190.7;0.948
C1;2018-04-13 12:40:00;64.5;22.25;177.2;0.953
C1;2018-04-13 12:50:00;64.17;22.09;187.7;0.953
C1;2018-04-13 13:00:00;65.95;22.16;190.4;0.909
C1;2018-04-13 13:10:00;65.32;22.38;174.5;0.938
C1;2018-04-13 13:20:00;64.56;22.24;184.2;0.951
C1;2018-04-13 13:30:00;64.2;22.42;189.3;0.971
C1;2018-04-13 13:40:00;64.46;22.21;176;0.951
C1;2018-04-13 13:50:00;68.14;22.11;185.7;0.848
C1;2018-04-13 14:00:00;63.19;22.34;192.6;0.993
C1;2018-04-13 14:10:00;67.53;22.16;176.3;0.867
C1;2018-04-13 14:20:00;64.65;22.35;191;0.954
C1;2018-04-13 14:30:00;62.8;22.36;195.4;1.005
C1;2018-04-13 14:40:00;64.43;22.37;179.3;0.962
C1;2018-04-13 14:50:00;66.11;22.19;192.4;0.907
C1;2018-04-13 15:00:00;63.82;22.16;194.5;0.965
C1;2018-04-13 15:10:00;64.86;22.35;178.1;0.949
C1;2018-04-13 15:20:00;66.43;22.25;190.6;0.901
C1;2018-04-13 15:30:00;63;22.32;196.1;0.997
C1;2018-04-13 15:40:00;64.21;22.16;178.9;0.955
C1;2018-04-13 15:50:00;65.56;22.21;191.3;0.922
C1;2018-04-13 16:00:00;64.4;22.34;193.9;0.961
C1;2018-04-13 16:10:00;64.28;22.33;176.9;0.963
C1;2018-04-13 16:20:00;63.47;22.27;189.3;0.981
C1;2018-04-13 16:30:00;66.82;22.17;196.3;0.887
C1;2018-04-13 16:40:00;66.36;22.25;176.3;0.903
C1;2018-04-13 16:50:00;65.37;22.32;188.1;0.934
C1;2018-04-13 17:00:00;67.33;22.1;192.4;0.87
C1;2018-04-13 17:10:00;65.22;22.33;190.6;0.939
C1;2018-04-13 17:20:00;67.34;22.27;193.3;0.878
C1;2018-04-13 17:30:00;63.51;22.35;193.9;0.985
C1;2018-04-13 17:40:00;67.48;22.13;177.8;0.867
C1;2018-04-13 17:50:00;66.6;22.18;191.3;0.894
C1;2018-04-13 18:00:00;65.06;22.33;195.3;0.943
C1;2018-04-13 18:10:00;66.86;22.11;181.5;0.883
C1;2018-04-13 18:20:00;64.78;22.16;196.7;0.94
C1;2018-04-13 18:30:00;63.63;22.27;198.7;0.977
C1;2018-04-13 18:40:00;64.5;22.25;182.1;0.952
C1;2018-04-13 18:50:00;63.02;22.34;193.7;0.997
C1;2018-04-13 19:00:00;68.38;22.07;198.3;0.84
C1;2018-04-13 19:10:00;66.08;22.21;179.7;0.909
C1;2018-04-13 19:20:00;64.49;22.25;183;0.953
C1;2018-04-13 19:30:00;68.49;22.39;185.4;0.854
C1;2018-04-13 19:40:00;69.71;22.1;183.5;0.806
C1;2018-04-13 19:50:00;64.59;22.36;188.1;0.957
C1;2018-04-13 20:00:00;64.11;22.25;183.6;0.963
C1;2018-04-13 20:10:00;65.42;21.92;-11.23;0.91
C1;2018-04-13 20:20:00;63.59;22.46;-10.59;0.99
C1;2018-04-13 20:30:00;67.6;22.5;-10.59;0.882
C1;2018-04-13 20:40:00;64.13;22.28;-10.7;0.964
C1;2018-04-13 20:50:00;68.14;21.91;-11.12;0.837
C1;2018-04-13 21:00:00;63.2;22.15;-10.38;0.981
C1;2018-04-13 21:10:00;69.43;22.15;-11.13;0.815
C1;2018-04-13 21:20:00;66.8;22.11;-10.7;0.884
C1;2018-04-13 21:30:00;65.76;22.05;-10.28;0.908
C1;2018-04-13 21:40:00;67.3;22.27;-10.28;0.879
C1;2018-04-13 21:50:00;69.27;22.15;-10.81;0.821
C1;2018-04-13 22:00:00;66.17;22.02;-10.7;0.896
C1;2018-04-13 22:10:00;66.82;22.36;-10.28;0.896
C1;2018-04-13 22:20:00;63.66;22.38;-10.28;0.983
C1;2018-04-13 22:30:00;67.98;22.08;-9.85;0.85
C1;2018-04-13 22:40:00;65.89;22.1;-10.7;0.907
C1;2018-04-13 22:50:00;64.53;22.03;-10.6;0.939
C1;2018-04-13 23:00:00;69.55;22.26;-10.81;0.819
C1;2018-04-13 23:10:00;70.8;22.01;-11.23;0.771
C1;2018-04-13 23:20:00;65.33;22.28;-10.49;0.932
C1;2018-04-13 23:30:00;65.94;22.21;-9.42;0.912
C1;2018-04-13 23:40:00;68.3;22.15;-10.38;0.845
C1;2018-04-13 23:50:00;65.72;22.07;-10.7;0.91
C1;2018-04-14 00:00:00;68.73;22.13;-10.49;0.833
C1;2018-04-14 00:10:00;67.94;22.27;-10.38;0.861
C1;2018-04-14 00:20:00;64.62;22.11;-10.49;0.942
C1;2018-04-14 00:30:00;66.6;22.17;-10.28;0.892
C1;2018-04-14 00:40:00;66.54;22.16;-10.28;0.893
C1;2018-04-14 00:50:00;64.84;22.11;-9.85;0.935
C1;2018-04-14 01:00:00;65.2;22.08;-10.49;0.924
C1;2018-04-14 01:10:00;67.24;22.07;-10.38;0.869
C1;2018-04-14 01:20:00;67.88;22.14;-10.7;0.856
C1;2018-04-14 01:30:00;66.91;22.18;-10.28;0.884
C1;2018-04-14 01:40:00;65.35;22.1;-10.49;0.922
C1;2018-04-14 01:50:00;67.64;22.06;-11.13;0.858
C1;2018-04-14 02:00:00;67.06;22.17;-10.6;0.879
C1;2018-04-14 02:10:00;65.64;22.16;-10.6;0.917
C1;2018-04-14 02:20:00;65.3;22.06;-10.17;0.92
C1;2018-04-14 02:30:00;65.54;22.1;-10.7;0.916
C1;2018-04-14 02:40:00;65.6;22.07;-10.6;0.913
C1;2018-04-14 02:50:00;67.42;22.06;-11.02;0.864
C1;2018-04-14 03:00:00;67.77;22.14;-10.49;0.859
C1;2018-04-14 03:10:00;65.98;22.14;-11.23;0.906
C1;2018-04-14 03:20:00;67.67;22.08;-10.6;0.859
C1;2018-04-14 03:30:00;66.24;22.09;-10.7;0.897
C1;2018-04-14 03:40:00;65.86;22.15;-10.28;0.91
C1;2018-04-14 03:50:00;65.9;22.07;-10.7;0.905
C1;2018-04-14 04:00:00;65.42;22.08;-10.49;0.918
C1;2018-04-14 04:10:00;66.81;22.07;-11.13;0.881
C1;2018-04-14 04:20:00;66.04;22.1;-11.13;0.903
C1;2018-04-14 04:30:00;66.61;22.04;-11.13;0.885
C1;2018-04-14 04:40:00;67.38;22.07;-10.91;0.866
C1;2018-04-14 04:50:00;68.09;22.08;-10.6;0.847
C1;2018-04-14 05:00:00;67.71;22.18;-10.81;0.863
C1;2018-04-14 05:10:00;64.96;22.11;-10.81;0.932
C1;2018-04-14 05:20:00;68.41;22;-11.02;0.834
C1;2018-04-14 05:30:00;66.89;22.1;-10.6;0.88
C1;2018-04-14 05:40:00;66.99;22.2;-10.81;0.883
C1;2018-04-14 05:50:00;65.73;22.1;-10.81;0.911
C1;2018-04-14 06:00:00;67.33;22.05;-10.38;0.866
C1;2018-04-14 06:10:00;67.63;22.06;-11.23;0.859
C1;2018-04-14 06:20:00;66.9;22.14;-10.91;0.882
C1;2018-04-14 06:30:00;66.69;22.13;-10.81;0.888
C1;2018-04-14 06:40:00;65.78;22.1;-11.02;0.91
C1;2018-04-14 06:50:00;66.96;22.12;-11.23;0.879
C1;2018-04-14 07:00:00;67.06;22.1;-10.7;0.876
C1;2018-04-14 07:10:00;66.04;22.12;-11.45;0.904
C1;2018-04-14 07:20:00;66.36;22.13;-11.02;0.896
C1;2018-04-14 07:30:00;65.65;22.12;-10.7;0.914
C1;2018-04-14 07:40:00;66.95;22.07;-11.45;0.877
C1;2018-04-14 07:50:00;66.98;22.04;-11.13;0.874
C1;2018-04-14 08:00:00;66.73;22.13;-11.13;0.886
C1;2018-04-14 08:10:00;64.85;22.36;167.9;0.95
C1;2018-04-14 08:20:00;68.21;22.13;192.9;0.848
C1;2018-04-14 08:30:00;67.62;22.14;190.9;0.864
C1;2018-04-14 08:40:00;63.58;22.36;189.2;0.984
C1;2018-04-14 08:50:00;64.68;22.31;202.2;0.951
C1;2018-04-14 09:00:00;65.41;22.26;205.6;0.929
C1;2018-04-14 09:10:00;67.3;22.37;187.3;0.886
C1;2018-04-14 09:20:00;63.34;22.2;201.6;0.98
C1;2018-04-14 09:30:00;65.4;22.23;204.6;0.927
C1;2018-04-14 09:40:00;65.8;22.42;186.4;0.928
C1;2018-04-14 09:50:00;63.79;22.35;201.9;0.977
C1;2018-04-14 10:00:00;66.05;22.36;205.1;0.918
C1;2018-04-14 10:10:00;64.59;22.17;187.2;0.945
C1;2018-04-14 10:20:00;66.59;22.02;201.1;0.885
C1;2018-04-14 10:30:00;65.17;22.29;205.2;0.937
C1;2018-04-14 10:40:00;64.59;22.36;185.5;0.957
C1;2018-04-14 10:50:00;66.28;22.1;198.1;0.898
C1;2018-04-14 11:00:00;65.23;22.3;201;0.936
C1;2018-04-14 11:10:00;63.88;22.27;187.8;0.97
C1;2018-04-14 11:20:00;65.45;22.31;198.9;0.93
C1;2018-04-14 11:30:00;64.06;22.34;207;0.969
C1;2018-04-14 11:40:00;64.66;22.39;184.4;0.956
C1;2018-04-14 11:50:00;63.63;22.21;195.5;0.973
C1;2018-04-14 12:00:00;65.64;22.2;202.1;0.92
C1;2018-04-14 12:10:00;67.13;22.18;188.2;0.879
C1;2018-04-14 12:20:00;64.15;22.28;200.3;0.964
C1;2018-04-14 12:30:00;64.9;22.27;203.6;0.943
C1;2018-04-14 12:40:00;66.41;22.23;188;0.901
C1;2018-04-14 12:50:00;67.26;22.15;198.3;0.874
C1;2018-04-14 13:00:00;66.88;22.26;203.7;0.89
C1;2018-04-14 13:10:00;65.1;22.3;188.5;0.939
C1;2018-04-14 13:20:00;64.09;22.36;202;0.97
C1;2018-04-14 13:30:00;63.54;22.18;208.1;0.974
C1;2018-04-14 13:40:00;66.99;22.34;191.6;0.892
C1;2018-04-14 13:50:00;65.84;22.01;202.5;0.904
C1;2018-04-14 14:00:00;63.8;22.31;208.4;0.974
C1;2018-04-14 14:10:00;64.06;22.29;194.6;0.966
C1;2018-04-14 14:20:00;64.27;22.31;206.1;0.962
C1;2018-04-14 14:30:00;65.79;22.23;210.4;0.917
C1;2018-04-14 14:40:00;64.28;22.39;192.1;0.967
C1;2018-04-14 14:50:00;63.59;22.35;202.3;0.983
C1;2018-04-14 15:00:00;63.15;22.07;207.1;0.977
C1;2018-04-14 15:10:00;66.22;22.12;192.3;0.9
C1;2018-04-14 15:20:00;66.4;22.14;203.4;0.896
C1;2018-04-14 15:30:00;64.74;22.33;206.1;0.951
C1;2018-04-14 15:40:00;63.8;22.28;190.6;0.973
C1;2018-04-14 15:50:00;63.51;22.34;200.2;0.985
C1;2018-04-14 16:00:00;65.15;22.17;204.4;0.931
C1;2018-04-14 16:10:00;64.95;22.03;190.2;0.928
C1;2018-04-14 16:20:00;65.92;22.32;201.7;0.919
C1;2018-04-14 16:30:00;64.85;22.34;211;0.948
C1;2018-04-14 16:40:00;67.22;22.37;191.6;0.886
C1;2018-04-14 16:50:00;64.54;22.22;201.8;0.949
C1;2018-04-14 17:00:00;65.32;22.31;206.4;0.934
C1;2018-04-14 17:10:00;67.53;22.19;188.4;0.869
C1;2018-04-14 17:20:00;62.88;22.32;201.4;1
C1;2018-04-14 17:30:00;65.73;22.28;204.6;0.921
C1;2018-04-14 17:40:00;63.56;22.38;188.6;0.985
C1;2018-04-14 17:50:00;64.14;22.07;203.7;0.952
C1;2018-04-14 18:00:00;65.2;22.26;208.1;0.934
C1;2018-04-14 18:10:00;67.1;22.24;194.1;0.882
C1;2018-04-14 18:20:00;65.8;22.36;204.9;0.924
C1;2018-04-14 18:30:00;65.01;22.33;209.8;0.943
C1;2018-04-14 18:40:00;67.04;22.12;192.2;0.878
C1;2018-04-14 18:50:00;64.54;22.27;202.1;0.953
C1;2018-04-14 19:00:00;64.3;22.33;205.8;0.962
C1;2018-04-14 19:10:00;67.45;22.25;189.6;0.874
C1;2018-04-14 19:20:00;66.45;22.29;196.3;0.902
C1;2018-04-14 19:30:00;67.29;22.18;194.7;0.875
C1;2018-04-14 19:40:00;66.02;22.42;192;0.922
C1;2018-04-14 19:50:00;64.82;22.36;196.7;0.95
C1;2018-04-14 20:00:00;65.3;22.26;194.9;0.932
C1;2018-04-14 20:10:00;63.87;22.25;-8.25;0.969
C1;2018-04-14 20:20:00;68.16;22.21;-8.35;0.853
C1;2018-04-14 20:30:00;63.97;22.08;-8.04;0.957
C1;2018-04-14 20:40:00;66.42;22.08;-8.25;0.892
C1;2018-04-14 20:50:00;67.32;22.03;-7.61;0.865
C1;2018-04-14 21:00:00;66.2;22;-8.25;0.893
C1;2018-04-14 21:10:00;66.13;22.18;-7.29;0.905
C1;2018-04-14 21:20:00;66.03;22.03;-8.04;0.9
C1;2018-04-14 21:30:00;67.82;22;-7.83;0.85
C1;2018-04-14 21:40:00;66.77;22.19;-7.93;0.888
C1;2018-04-14 21:50:00;65.49;22.28;-7.83;0.928
C1;2018-04-14 22:00:00;64.28;22.1;-7.93;0.95
C1;2018-04-14 22:10:00;66.05;22.05;-7.83;0.9
C1;2018-04-14 22:20:00;68.86;22.04;-8.25;0.825
C1;2018-04-14 22:30:00;67.04;22.24;-7.72;0.884
C1;2018-04-14 22:40:00;65.33;22.26;-7.83;0.931
C1;2018-04-14 22:50:00;64.77;22.11;-7.83;0.937
C1;2018-04-14 23:00:00;66.79;21.98;-8.04;0.877
C1;2018-04-14 23:10:00;65.56;22.21;-8.04;0.922
C1;2018-04-14 23:20:00;68.42;22.12;-8.36;0.841
C1;2018-04-14 23:30:00;66.64;22.12;-8.25;0.888
C1;2018-04-14 23:40:00;66.38;22.17;-7.61;0.898
C1;2018-04-14 23:50:00;66.44;22.14;-7.4;0.894
C1;2018-04-15 00:00:00;65.85;22.12;-7.4;0.909
C1;2018-04-15 00:10:00;66.59;22;-8.04;0.883
C1;2018-04-15 00:20:00;66.84;22.09;-7.93;0.881
C1;2018-04-15 00:30:00;66.16;22.17;-7.51;0.903
C1;2018-04-15 00:40:00;67.12;22.09;-7.72;0.873
C1;2018-04-15 00:50:00;66.2;22.1;-7.61;0.899
C1;2018-04-15 01:00:00;65.83;22.13;-7.83;0.91
C1;2018-04-15 01:10:00;65.52;22.08;-7.83;0.915
C1;2018-04-15 01:20:00;66.21;22.2;-8.04;0.904
C1;2018-04-15 01:30:00;66.71;22.07;-8.04;0.884
C1;2018-04-15 01:40:00;66.83;22.09;-8.04;0.881
C1;2018-04-15 01:50:00;67.6;22.1;-8.15;0.861
C1;2018-04-15 02:00:00;67.07;22.13;-7.83;0.877
C1;2018-04-15 02:10:00;66.2;22.16;-7.83;0.902
C1;2018-04-15 02:20:00;66.73;22.07;-8.15;0.883
C1;2018-04-15 02:30:00;66.71;21.91;-7.93;0.876
C1;2018-04-15 02:40:00;66.65;22.15;-8.04;0.889
C1;2018-04-15 02:50:00;65.12;22.14;-7.61;0.93
C1;2018-04-15 03:00:00;66.43;22.07;-7.72;0.891
C1;2018-04-15 03:10:00;64.97;22.09;-7.61;0.931
C1;2018-04-15 03:20:00;65.95;22.07;-7.83;0.904
C1;2018-04-15 03:30:00;66.97;22.1;-7.93;0.878
C1;2018-04-15 03:40:00;66.21;22.13;-8.15;0.9
C1;2018-04-15 03:50:00;65.81;22.06;-8.04;0.907
C1;2018-04-15 04:00:00;66.12;22.03;-7.51;0.897
C1;2018-04-15 04:10:00;65.17;22.09;-8.25;0.926
C1;2018-04-15 04:20:00;66.63;22.04;-8.25;0.884
C1;2018-04-15 04:30:00;67.89;21.99;-7.83;0.848
C1;2018-04-15 04:40:00;66.8;22.14;-8.25;0.885
C1;2018-04-15 04:50:00;66.01;22.15;-8.36;0.907
C1;2018-04-15 05:00:00;65.31;22.08;-8.15;0.921
C1;2018-04-15 05:10:00;67.18;22.03;-8.47;0.869
C1;2018-04-15 05:20:00;66.19;22.17;-8.15;0.903
C1;2018-04-15 05:30:00;65.83;22.12;-8.04;0.91
C1;2018-04-15 05:40:00;65.62;22.02;-8.36;0.909
C1;2018-04-15 05:50:00;67.48;22.06;-7.83;0.862
C1;2018-04-15 06:00:00;65.91;22.16;-8.15;0.909
C1;2018-04-15 06:10:00;65.03;22.11;-8.36;0.93
C1;2018-04-15 06:20:00;66.51;22.11;-8.25;0.891
C1;2018-04-15 06:30:00;66.94;22.17;-7.83;0.883
C1;2018-04-15 06:40:00;66.12;22.08;-8.47;0.9
C1;2018-04-15 06:50:00;66.08;22.07;-7.72;0.9
C1;2018-04-15 07:00:00;65.94;22.08;-7.72;0.905
C1;2018-04-15 07:10:00;65.63;22.11;-8.04;0.914
C1;2018-04-15 07:20:00;66.2;22.12;-7.72;0.9
C1;2018-04-15 07:30:00;66.06;22.08;-7.72;0.901
C1;2018-04-15 07:40:00;67.33;22.04;-8.47;0.865
C1;2018-04-15 07:50:00;66.77;22.07;-7.83;0.882
C1;2018-04-15 08:00:00;64.79;22.02;-7.93;0.932
C1;2018-04-15 08:10:00;66.62;22.38;167.4;0.903
C1;2018-04-15 08:20:00;65.8;22.16;196.8;0.913
C1;2018-04-15 08:30:00;65.69;22.35;193.1;0.927
C1;2018-04-15 08:40:00;67.33;22.28;190.3;0.879
C1;2018-04-15 08:50:00;65.53;22.33;194.3;0.93
C1;2018-04-15 09:00:00;64.74;22.25;191.6;0.947
C1;2018-04-15 09:10:00;66.13;22.29;190.8;0.911
C1;2018-04-15 09:20:00;65.86;22.28;204.1;0.918
C1;2018-04-15 09:30:00;65.14;22.31;205.2;0.939
C1;2018-04-15 09:40:00;64.71;22.28;190.4;0.949
C1;2018-04-15 09:50:00;65.15;22.21;204.5;0.933
C1;2018-04-15 10:00:00;64.99;22.3;211.3;0.942
C1;2018-04-15 10:10:00;65.39;22.31;212;0.932
C1;2018-04-15 10:20:00;65.29;22.33;211.4;0.936
C1;2018-04-15 10:30:00;64.83;22.3;211.7;0.947
C1;2018-04-15 10:40:00;64.68;22.33;211;0.953
C1;2018-04-15 10:50:00;64.74;22.25;209.5;0.947
C1;2018-04-15 11:00:00;64.9;22.2;203.5;0.939
C1;2018-04-15 11:10:00;66.18;21.97;203.4;0.892
C1;2018-04-15 11:20:00;65.45;22.28;202.9;0.928
C1;2018-04-15 11:30:00;65.39;22.29;197.9;0.931
C1;2018-04-15 11:40:00;64.78;21.73;195.9;0.916
C1;2018-04-15 11:50:00;64.7;21.94;202.2;0.929
C1;2018-04-15 12:00:00;65.65;22.36;201;0.928
C1;2018-04-15 12:10:00;65.45;22.32;197.7;0.931
C1;2018-04-15 12:20:00;65.07;22.32;214.4;0.942
C1;2018-04-15 12:30:00;64.95;22.36;213.7;0.947
C1;2018-04-15 12:40:00;64.16;22.37;209.3;0.968
C1;2018-04-15 12:50:00;64.25;22.31;204.1;0.963
C1;2018-04-15 13:00:00;65.3;22.29;215.7;0.933
C1;2018-04-15 13:10:00;65.87;22.37;203.1;0.923
C1;2018-04-15 13:20:00;66.31;22.22;203.7;0.903
C1;2018-04-15 13:30:00;68.74;22.17;204.6;0.836
C1;2018-04-15 13:40:00;67.13;22.18;204.5;0.879
C1;2018-04-15 13:50:00;65.78;22.31;203.9;0.922
C1;2018-04-15 14:00:00;65.29;22.25;206.7;0.932
C1;2018-04-15 14:10:00;64.03;22.25;205.4;0.964
C1;2018-04-15 14:20:00;66.85;22.31;205.4;0.893
C1;2018-04-15 14:30:00;64.8;22.33;205.9;0.949
C1;2018-04-15 14:40:00;63.98;22.38;203.3;0.974
C1;2018-04-15 14:50:00;65.11;22.27;202.6;0.937
C1;2018-04-15 15:00:00;64.96;22.33;201.7;0.945
C1;2018-04-15 15:10:00;65.14;22.24;201;0.935
C1;2018-04-15 15:20:00;66.3;22.24;205.3;0.904
C1;2018-04-15 15:30:00;65;22.41;190.6;0.949
C1;2018-04-15 15:40:00;65.63;22.17;187.9;0.918
C1;2018-04-15 15:50:00;65.5;22.28;190.5;0.928
C1;2018-04-15 16:00:00;65.29;22.38;190.6;0.939
C1;2018-04-15 16:10:00;66.08;22.18;188;0.906
C1;2018-04-15 16:20:00;65.6;22.31;188.4;0.927
C1;2018-04-15 16:30:00;65.63;22.37;189.8;0.929
C1;2018-04-15 16:40:00;66.24;22.32;192.7;0.909
C1;2018-04-15 16:50:00;66.27;22.3;191;0.908
C1;2018-04-15 17:00:00;64.82;22.28;189.8;0.946
C1;2018-04-15 17:10:00;65.87;22.02;190;0.904
C1;2018-04-15 17:20:00;67.06;22.28;190;0.886
C1;2018-04-15 17:30:00;65.75;22.25;189;0.918
C1;2018-04-15 17:40:00;65.64;22.37;188.3;0.929
C1;2018-04-15 17:50:00;64.73;22.26;188.5;0.947
C1;2018-04-15 18:00:00;65.43;22.06;188.2;0.917
C1;2018-04-15 18:10:00;66.05;22.04;187.2;0.899
C1;2018-04-15 18:20:00;65.61;22.34;185.8;0.928
C1;2018-04-15 18:30:00;66.11;22.28;185.3;0.911
C1;2018-04-15 18:40:00;66.03;22.21;183.6;0.909
C1;2018-04-15 18:50:00;64.66;22.33;188.5;0.953
C1;2018-04-15 19:00:00;65.84;22.16;187.9;0.911
C1;2018-04-15 19:10:00;66.63;22.24;199;0.896
C1;2018-04-15 19:20:00;65.63;22.15;199.2;0.918
C1;2018-04-15 19:30:00;67.75;22.26;198.6;0.866
C1;2018-04-15 19:40:00;64.14;22.12;207.5;0.955
C1;2018-04-15 19:50:00;64.3;22.12;205.4;0.951
C1;2018-04-15 20:00:00;65.33;21.99;212.8;0.916
C1;2018-04-15 20:10:00;65.68;22.72;-1.22;0.948
C1;2018-04-15 20:20:00;65.55;22.46;-1.753;0.936
C1;2018-04-15 20:30:00;65.41;22.14;-0.795;0.922
C1;2018-04-15 20:40:00;65.77;21.89;-1.86;0.898
C1;2018-04-15 20:50:00;65.94;22.12;-1.541;0.907
C1;2018-04-15 21:00:00;65.81;22.23;-0.69;0.917
C1;2018-04-15 21:10:00;65.47;22.02;-1.436;0.913
C1;2018-04-15 21:20:00;66.16;22.05;-1.33;0.897
C1;2018-04-15 21:30:00;66.67;22.22;-1.33;0.892
C1;2018-04-15 21:40:00;65.11;22.22;-1.01;0.935
C1;2018-04-15 21:50:00;64.82;22.05;-1.33;0.933
C1;2018-04-15 22:00:00;65.62;22.06;-1.33;0.912
C1;2018-04-15 22:10:00;66.46;22.14;-1.862;0.894
C1;2018-04-15 22:20:00;64.78;22.18;-1.223;0.941
C1;2018-04-15 22:30:00;65.95;22.1;-1.436;0.906
C1;2018-04-15 22:40:00;64.96;22.04;-1.756;0.928
C1;2018-04-15 22:50:00;66.09;22.12;-1.01;0.902
C1;2018-04-15 23:00:00;65.54;22.15;-0.478;0.919
C1;2018-04-15 23:10:00;65.46;22.03;-1.436;0.914
C1;2018-04-15 23:20:00;66.11;22.09;-0.797;0.901
C1;2018-04-15 23:30:00;65.25;22.11;-1.862;0.925
C1;2018-04-15 23:40:00;65.66;22.08;-1.117;0.912
C1;2018-04-15 23:50:00;67.03;22.12;-1.117;0.878
C1;2018-04-16 00:00:00;64.53;22.19;-0.371;0.948
C1;2018-04-16 00:10:00;67.14;22.01;-1.649;0.869
C1;2018-04-16 00:20:00;65.75;22.01;-1.436;0.906
C1;2018-04-16 00:30:00;66.92;22.18;-1.223;0.884
C1;2018-04-16 00:40:00;65.07;22.18;-1.117;0.933
C1;2018-04-16 00:50:00;66.24;22.02;-1.543;0.893
C1;2018-04-16 01:00:00;65.87;22.07;-0.904;0.905
C1;2018-04-16 01:10:00;65.92;22.11;-1.33;0.907
C1;2018-04-16 01:20:00;67.55;22.06;-1.436;0.86
C1;2018-04-16 01:30:00;64.58;22.11;-1.117;0.942
C1;2018-04-16 01:40:00;65.93;22.18;-1.223;0.91
C1;2018-04-16 01:50:00;65.42;22.1;-0.691;0.92
C1;2018-04-16 02:00:00;65.24;22.04;-1.117;0.921
C1;2018-04-16 02:10:00;66.25;22.19;-1.436;0.903
C1;2018-04-16 02:20:00;65.5;22.02;-1.223;0.913
C1;2018-04-16 02:30:00;67.18;22;-2.182;0.867
C1;2018-04-16 02:40:00;65.67;22.17;-0.904;0.917
C1;2018-04-16 02:50:00;65.78;22.15;-1.543;0.912
C1;2018-04-16 03:00:00;65.06;22.06;-1.117;0.927
C1;2018-04-16 03:10:00;66.2;22.07;-1.436;0.897
C1;2018-04-16 03:20:00;65.55;22.01;-1.543;0.911
C1;2018-04-16 03:30:00;67.39;22.11;-0.478;0.868
C1;2018-04-16 03:40:00;65.48;22.12;-1.649;0.919
C1;2018-04-16 03:50:00;66.54;22.08;-2.076;0.888
C1;2018-04-16 04:00:00;65.7;22.11;-1.543;0.913
C1;2018-04-16 04:10:00;65.46;22.08;-1.437;0.917
C1;2018-04-16 04:20:00;66.96;22.02;-1.437;0.874
C1;2018-04-16 04:30:00;65.87;22.09;-1.224;0.907
C1;2018-04-16 04:40:00;66.09;22.11;-1.756;0.902
C1;2018-04-16 04:50:00;66.11;22.07;-1.223;0.899
C1;2018-04-16 05:00:00;66.19;22.03;-1.649;0.895
C1;2018-04-16 05:10:00;65.59;22.11;-1.436;0.915
C1;2018-04-16 05:20:00;65.4;22.04;-1.649;0.917
C1;2018-04-16 05:30:00;66.51;22.01;-0.691;0.886
C1;2018-04-16 05:40:00;66.24;22.17;-1.223;0.901
C1;2018-04-16 05:50:00;65.64;22.09;-1.33;0.913
C1;2018-04-16 06:00:00;66.55;22.11;-1.65;0.89
C1;2018-04-16 06:10:00;65.34;22.18;-0.904;0.926
C1;2018-04-16 06:20:00;66.64;22.03;-1.01;0.883
C1;2018-04-16 06:30:00;66;22.03;-1.436;0.9
C1;2018-04-16 06:40:00;66.04;22.16;-1.436;0.907
C1;2018-04-16 06:50:00;67.18;22.13;-1.117;0.874
C1;2018-04-16 07:00:00;65.55;22.03;-1.969;0.912
C1;2018-04-16 07:10:00;65.21;22.08;-1.223;0.924
C1;2018-04-16 07:20:00;66.32;22.14;-1.011;0.897
C1;2018-04-16 07:30:00;66.42;22.13;-1.756;0.895
C1;2018-04-16 07:40:00;65.89;22.02;-1.223;0.902
C1;2018-04-16 07:50:00;66.92;22.16;-1.224;0.883
C1;2018-04-16 08:00:00;64.42;22.09;-1.117;0.946
C1;2018-04-16 08:10:00;64.07;21.75;103.5;0.935
C1;2018-04-16 08:20:00;63.13;21.5;51.39;0.945
C1;2018-04-16 08:30:00;61.93;21.54;53.2;0.978
C1;2018-04-16 08:40:00;62.31;20.68;48.61;0.918
C1;2018-04-16 08:50:00;65.9;21.37;54.79;0.867
C1;2018-04-16 09:00:00;66.43;22.26;52.44;0.901
C1;2018-04-16 09:10:00;64.17;22.25;54.04;0.962
C1;2018-04-16 09:20:00;65.8;22;51.8;0.904
C1;2018-04-16 09:30:00;65.03;22.08;50.63;0.928
C1;2018-04-16 09:40:00;64.75;22.15;52.33;0.94
C1;2018-04-16 09:50:00;65.71;22.1;53.5;0.911
C1;2018-04-16 10:00:00;65.49;22.08;51.8;0.918
C1;2018-04-16 10:10:00;65.04;22.17;53.4;0.933
C1;2018-04-16 10:20:00;65.35;22.13;52.01;0.923
C1;2018-04-16 10:30:00;65.89;22.18;51.16;0.911
C1;2018-04-16 10:40:00;64.05;22.21;50.52;0.962
C1;2018-04-16 10:50:00;64.84;22.19;53.5;0.94
C1;2018-04-16 11:00:00;65.79;22.09;52.65;0.909
C1;2018-04-16 11:10:00;65.85;21.98;54.04;0.902
C1;2018-04-16 11:20:00;65.4;21.91;49.78;0.909
C1;2018-04-16 11:30:00;64.45;22.04;52.01;0.941
C1;2018-04-16 11:40:00;65.04;22.18;51.69;0.934
C1;2018-04-16 11:50:00;63.85;22.04;51.38;0.958
C1;2018-04-16 12:00:00;64.77;21.98;51.91;0.93
C1;2018-04-16 12:10:00;63.71;21.97;51.59;0.958
C1;2018-04-16 12:20:00;62.99;22.08;54.57;0.983
C1;2018-04-16 12:30:00;65.6;22.2;53.82;0.92
C1;2018-04-16 12:40:00;65.18;22.14;53.08;0.928
C1;2018-04-16 12:50:00;64.71;22.14;52.33;0.941
C1;2018-04-16 13:00:00;64.09;22.24;51.16;0.963
C1;2018-04-16 13:10:00;64.87;22.15;50.52;0.937
C1;2018-04-16 13:20:00;64.28;22.21;52.55;0.957
C1;2018-04-16 13:30:00;64.55;22.26;53.72;0.952
C1;2018-04-16 13:40:00;65.21;22.1;54.68;0.925
C1;2018-04-16 13:50:00;64.17;22.02;49.67;0.948
C1;2018-04-16 14:00:00;64.14;22.04;50.1;0.95
C1;2018-04-16 14:10:00;64.9;22.06;52.01;0.931
C1;2018-04-16 14:20:00;66.07;21.99;50.84;0.897
C1;2018-04-16 14:30:00;64.08;21.99;52.33;0.949
C1;2018-04-16 14:40:00;64.87;22;52.23;0.928
C1;2018-04-16 14:50:00;66.08;22.01;52.55;0.897
C1;2018-04-16 15:00:00;64.03;22.07;52.87;0.955
C1;2018-04-16 15:10:00;66.96;21.89;53.61;0.868
C1;2018-04-16 15:20:00;63.82;22.11;55.31;0.962
C1;2018-04-16 15:30:00;63.98;21.73;50.1;0.936
C1;2018-04-16 15:40:00;64.62;21.93;53.93;0.931
C1;2018-04-16 15:50:00;64.29;22.07;52.65;0.948
C1;2018-04-16 16:00:00;64.2;22.02;53.08;0.948
C1;2018-04-16 16:10:00;63.77;22;54.14;0.957
C1;2018-04-16 16:20:00;64.08;22.04;54.25;0.952
C1;2018-04-16 16:30:00;64.64;21.95;53.61;0.932
C1;2018-04-16 16:40:00;64.4;21.45;52.01;0.91
C1;2018-04-16 16:50:00;67.17;21.28;51.16;0.83
C1;2018-04-16 17:00:00;65.09;22.03;53.08;0.924
C1;2018-04-16 17:10:00;65.66;22.21;52.87;0.919
C1;2018-04-16 17:20:00;65.22;22.11;54.78;0.925
C1;2018-04-16 17:30:00;65.33;22.14;55.31;0.924
C1;2018-04-16 17:40:00;65.86;22.13;53.93;0.909
C1;2018-04-16 17:50:00;65.83;22.16;52.01;0.912
C1;2018-04-16 18:00:00;64.86;22.15;52.23;0.937
C1;2018-04-16 18:10:00;67.24;21.96;53.61;0.864
C1;2018-04-16 18:20:00;64.34;21.85;53.08;0.934
C1;2018-04-16 18:30:00;66.01;22.05;54.46;0.901
C1;2018-04-16 18:40:00;66.22;22.28;55;0.908
C1;2018-04-16 18:50:00;65.49;22.29;53.93;0.928
C1;2018-04-16 19:00:00;66.35;21.93;52.01;0.885
C1;2018-04-16 19:10:00;65.14;21.85;51.38;0.913
C1;2018-04-16 19:20:00;65.56;22.04;53.61;0.913
C1;2018-04-16 19:30:00;65.5;22.15;55.95;0.92
C1;2018-04-16 19:40:00;64.55;22.31;56.27;0.955
C1;2018-04-16 19:50:00;64.85;22.19;51.91;0.94
C1;2018-04-16 20:00:00;64.05;21.83;52.01;0.94
C1;2018-04-16 20:10:00;64.66;21.68;-2.528;0.916
C1;2018-04-16 20:20:00;66.87;21.67;-1.859;0.858
C1;2018-04-16 20:30:00;67.09;22.16;-1.434;0.878
C1;2018-04-16 20:40:00;66.03;22.19;-1.754;0.908
C1;2018-04-16 20:50:00;67.27;22.05;-1.115;0.867
C1;2018-04-16 21:00:00;66.81;21.95;-2.286;0.874
C1;2018-04-16 21:10:00;66.67;21.98;-1.861;0.88
C1;2018-04-16 21:20:00;66.92;22.2;-1.754;0.885
C1;2018-04-16 21:30:00;66.73;22.19;-1.329;0.89
C1;2018-04-16 21:40:00;65.69;22.13;-1.542;0.914
C1;2018-04-16 21:50:00;66.52;22.1;-1.542;0.89
C1;2018-04-16 22:00:00;66.72;22.11;-0.797;0.885
C1;2018-04-16 22:10:00;65.27;22.03;-1.649;0.92
C1;2018-04-16 22:20:00;66.88;22.1;-1.436;0.881
C1;2018-04-16 22:30:00;66.26;22.03;-1.649;0.893
C1;2018-04-16 22:40:00;66.51;22.06;-1.01;0.888
C1;2018-04-16 22:50:00;66.65;22.15;-1.862;0.889
C1;2018-04-16 23:00:00;65.31;22.15;-1.223;0.925
C1;2018-04-16 23:10:00;66.09;22.02;-1.755;0.898
C1;2018-04-16 23:20:00;67.33;22.08;-1.329;0.868
C1;2018-04-16 23:30:00;65.36;22.12;-1.862;0.922
C1;2018-04-16 23:40:00;65.82;22.08;-1.542;0.908
C1;2018-04-16 23:50:00;67.34;22.08;-1.861;0.867
C1;2018-04-17 00:00:00;65.27;22.07;-1.861;0.922
C1;2018-04-17 00:10:00;65.62;22.1;-1.968;0.914
C1;2018-04-17 00:20:00;65.23;21.95;-1.968;0.916
C1;2018-04-17 00:30:00;66.65;22.11;-1.009;0.887
C1;2018-04-17 00:40:00;66.32;22.1;-1.542;0.896
C1;2018-04-17 00:50:00;65.76;22.06;-1.755;0.908
C1;2018-04-17 01:00:00;65.85;22.08;-1.329;0.907
C1;2018-04-17 01:10:00;66;22.14;-1.435;0.906
C1;2018-04-17 01:20:00;65.46;22.07;-0.902;0.917
C1;2018-04-17 01:30:00;65.8;22.01;-1.222;0.904
C1;2018-04-17 01:40:00;65.62;22;-1.542;0.908
C1;2018-04-17 01:50:00;66.01;22.11;-1.329;0.904
C1;2018-04-17 02:00:00;65.94;22.08;-1.648;0.905
C1;2018-04-17 02:10:00;66;22.03;-1.861;0.9
C1;2018-04-17 02:20:00;65.91;22.03;-1.755;0.902
C1;2018-04-17 02:30:00;65.73;22.06;-1.435;0.909
C1;2018-04-17 02:40:00;65.58;22.09;-1.542;0.915
C1;2018-04-17 02:50:00;66.78;21.96;-1.861;0.876
C1;2018-04-17 03:00:00;65.95;22.05;-1.542;0.902
C1;2018-04-17 03:10:00;64.84;22.11;-1.755;0.935
C1;2018-04-17 03:20:00;66.53;22.03;-1.116;0.886
C1;2018-04-17 03:30:00;66.46;21.99;-2.394;0.886
C1;2018-04-17 03:40:00;66.07;22;-1.542;0.897
C1;2018-04-17 03:50:00;66.05;22.05;-0.903;0.899
C1;2018-04-17 04:00:00;66.27;22.02;-1.116;0.893
C1;2018-04-17 04:10:00;65.85;22.04;-1.009;0.904
C1;2018-04-17 04:20:00;65.59;21.88;-1.967;0.902
C1;2018-04-17 04:30:00;66.51;22;-1.648;0.885
C1;2018-04-17 04:40:00;66.13;22.02;-1.435;0.896
C1;2018-04-17 04:50:00;66.05;22.03;-1.541;0.899
C1;2018-04-17 05:00:00;65.7;21.99;-2.074;0.906
C1;2018-04-17 05:10:00;65.16;22;-1.435;0.921
C1;2018-04-17 05:20:00;65.68;22.12;-1.435;0.913
C1;2018-04-17 05:30:00;65.89;21.97;-1.755;0.9
C1;2018-04-17 05:40:00;65.49;21.92;-1.968;0.907
C1;2018-04-17 05:50:00;65.75;22.08;-1.755;0.909
C1;2018-04-17 06:00:00;66.41;22.03;-2.074;0.889
C1;2018-04-17 06:10:00;65.08;22.02;-1.542;0.924
C1;2018-04-17 06:20:00;66.8;22.05;-1.435;0.88
C1;2018-04-17 06:30:00;65.3;22.05;-1.009;0.92
C1;2018-04-17 06:40:00;66.13;22;-1.967;0.895
C1;2018-04-17 06:50:00;65.4;22;-1.222;0.914
C1;2018-04-17 07:00:00;66.35;22.1;-1.541;0.895
C1;2018-04-17 07:10:00;65.18;22.1;-1.115;0.926
C1;2018-04-17 07:20:00;64.64;21.98;-1.648;0.933
C1;2018-04-17 07:30:00;65.35;22.08;-2.394;0.92
C1;2018-04-17 07:40:00;64.08;22.04;-1.967;0.952
C1;2018-04-17 07:50:00;65.98;21.91;-2.393;0.894
C1;2018-04-17 08:00:00;66.07;22;-2.074;0.896
C1;2018-04-17 08:10:00;65.85;22.19;43.5;0.913
C1;2018-04-17 08:20:00;65.86;22.22;55.86;0.915
C1;2018-04-17 08:30:00;65.99;22.05;52.55;0.901
C1;2018-04-17 08:40:00;65.22;22.12;53.41;0.926
C1;2018-04-17 08:50:00;64.81;22.14;51.49;0.938
C1;2018-04-17 09:00:00;64.34;22.11;52.44;0.949
C1;2018-04-17 09:10:00;64.79;22.01;51.7;0.931
C1;2018-04-17 09:20:00;65.53;22.08;54.14;0.915
C1;2018-04-17 09:30:00;65.56;22.18;52.44;0.92
C1;2018-04-17 09:40:00;64.8;22.08;52.44;0.935
C1;2018-04-17 09:50:00;65.1;22.11;52.33;0.929
C1;2018-04-17 10:00:00;64.92;22.03;50.63;0.929
C1;2018-04-17 10:10:00;64.69;21.98;49.99;0.932
C1;2018-04-17 10:20:00;65.04;22;50.1;0.924
C1;2018-04-17 10:30:00;65.5;21.97;49.46;0.91
C1;2018-04-17 10:40:00;64.51;21.98;51.06;0.937
C1;2018-04-17 10:50:00;64.64;21.98;49.67;0.933
C1;2018-04-17 11:00:00;64.78;21.94;50.2;0.928
C1;2018-04-17 11:10:00;64.67;21.88;50.31;0.927
C1;2018-04-17 11:20:00;64.04;21.87;49.67;0.943
C1;2018-04-17 11:30:00;64.09;21.83;49.25;0.94
C1;2018-04-17 11:40:00;64.45;21.93;50.84;0.935
C1;2018-04-17 11:50:00;64.81;21.92;51.16;0.925
C1;2018-04-17 12:00:00;64.91;21.88;49.03;0.921
C1;2018-04-17 12:10:00;64.46;21.85;51.48;0.93
C1;2018-04-17 12:20:00;64.58;21.91;50.2;0.931
C1;2018-04-17 12:30:00;64.86;21.91;50.2;0.924
C1;2018-04-17 12:40:00;64.49;21.92;50.52;0.934
C1;2018-04-17 12:50:00;65.08;21.94;50.31;0.92
C1;2018-04-17 13:00:00;64.86;22.01;51.8;0.929
C1;2018-04-17 13:10:00;65.34;22.01;51.16;0.917
C1;2018-04-17 13:20:00;65.27;22.09;52.87;0.923
C1;2018-04-17 13:30:00;65.24;22.03;48.93;0.921
C1;2018-04-17 13:40:00;64.79;22.03;50.52;0.932
C1;2018-04-17 13:50:00;64.68;21.98;50.63;0.932
C1;2018-04-17 14:00:00;64.37;22.12;52.23;0.949
C1;2018-04-17 14:10:00;65.22;22.16;50.1;0.928
C1;2018-04-17 14:20:00;66.12;22.06;51.59;0.899
C1;2018-04-17 14:30:00;64.27;22.1;53.29;0.95
C1;2018-04-17 14:40:00;66.09;22.23;50.74;0.909
C1;2018-04-17 14:50:00;65.23;22.22;50.74;0.931
C1;2018-04-17 15:00:00;65.17;22.31;54.25;0.938
C1;2018-04-17 15:10:00;63.58;22.16;51.38;0.972
C1;2018-04-17 15:20:00;46.62;22.33;50.52;1.44
C1;2018-04-17 15:30:00;65.69;21.97;50.74;0.906
C1;2018-04-17 15:40:00;66.23;21.93;50.84;0.888
C1;2018-04-17 15:50:00;60.74;22.17;51.91;1.049
C1;2018-04-17 16:00:00;60.59;22.26;53.19;1.058
C1;2018-04-17 16:10:00;52.84;22.33;52.01;1.272
C1;2018-04-17 16:20:00;58.35;21.93;52.44;1.096
C1;2018-04-17 16:30:00;57.36;22.04;53.61;1.13
C1;2018-04-17 16:40:00;58.7;22.2;48.29;1.107
C1;2018-04-17 16:50:00;60.65;21.96;51.38;1.038
C1;2018-04-17 17:00:00;59.76;22.15;54.46;1.073
C1;2018-04-17 17:10:00;54.36;22.29;49.78;1.228
C1;2018-04-17 17:20:00;53.64;22.22;52.65;1.242
C1;2018-04-17 17:30:00;60.02;22.01;52.87;1.057
C1;2018-04-17 17:40:00;61.5;22.1;52.65;1.024
C1;2018-04-17 17:50:00;62.38;22.14;52.97;1.003
C1;2018-04-17 18:00:00;62.23;22.24;54.04;1.013
C1;2018-04-17 18:10:00;55;22.32;50.63;1.213
C1;2018-04-17 18:20:00;53.45;22.27;52.01;1.25
C1;2018-04-17 18:30:00;48.4;22.27;52.65;1.386
C1;2018-04-17 18:40:00;51.42;22.04;50.84;1.288
C1;2018-04-17 18:50:00;43.68;22.37;53.5;1.523
C1;2018-04-17 19:00:00;51.91;22.11;52.76;1.28
C1;2018-04-17 19:10:00;45.76;22.31;52.23;1.461
C1;2018-04-17 19:20:00;47.37;22.34;52.44;1.42
C1;2018-04-17 19:30:00;46.75;22.22;50.52;1.428
C1;2018-04-17 19:40:00;44.8;22.36;53.08;1.492
C1;2018-04-17 19:50:00;47.29;22.19;52.87;1.41
C1;2018-04-17 20:00:00;44.27;22.41;52.01;1.511
C1;2018-04-17 20:10:00;52.19;22.04;-1.859;1.267
C1;2018-04-17 20:20:00;49.9;22.42;-1.22;1.359
C1;2018-04-17 20:30:00;49.65;22.7;-1.114;1.388
C1;2018-04-17 20:40:00;48.81;22.72;-0.902;1.413
C1;2018-04-17 20:50:00;46.32;22.84;-1.115;1.493
C1;2018-04-17 21:00:00;43.25;22.91;-0.476;1.586
C1;2018-04-17 21:10:00;48.28;22.47;-1.541;1.407
C1;2018-04-17 21:20:00;50.78;22.39;-0.796;1.332
C1;2018-04-17 21:30:00;46.97;22.5;-0.796;1.445
C1;2018-04-17 21:40:00;44.62;22.69;-1.649;1.527
C1;2018-04-17 21:50:00;42.98;22.81;-1.223;1.583
C1;2018-04-17 22:00:00;43.76;22.8;-1.436;1.56
C1;2018-04-17 22:10:00;42.65;22.82;-0.904;1.593
C1;2018-04-17 22:20:00;46.28;22.76;-1.543;1.487
C1;2018-04-17 22:30:00;48.56;22.77;-1.543;1.425
C1;2018-04-17 22:40:00;51.53;22.61;-1.117;1.33
C1;2018-04-17 22:50:00;50.51;22.69;-1.223;1.364
C1;2018-04-17 23:00:00;45.48;22.8;-1.436;1.512
C1;2018-04-17 23:10:00;46.05;22.79;-1.117;1.496
C1;2018-04-17 23:20:00;47.65;22.75;-1.543;1.449
C1;2018-04-17 23:30:00;50.98;22.69;-0.797;1.352
C1;2018-04-17 23:40:00;50.43;22.67;-1.329;1.365
C1;2018-04-17 23:50:00;47.98;22.76;-1.649;1.44
C1;2018-04-18 00:00:00;44.54;22.78;-1.01;1.537
C1;2018-04-18 00:10:00;46.35;22.81;-0.69;1.49
C1;2018-04-18 00:20:00;46.1;22.76;-0.69;1.493
C1;2018-04-18 00:30:00;51.82;22.3;-1.117;1.297
C1;2018-04-18 00:40:00;50.98;22.48;-1.01;1.334
C1;2018-04-18 00:50:00;49.62;22.71;-1.329;1.39
C1;2018-04-18 01:00:00;45.74;22.89;-1.117;1.514
C1;2018-04-18 01:10:00;45.88;22.71;-1.329;1.493
C1;2018-04-18 01:20:00;48.28;22.76;-1.223;1.431
C1;2018-04-18 01:30:00;57.5;22.76;-1.223;1.177
C1;2018-04-18 01:40:00;65.34;22.27;-1.01;0.931
C1;2018-04-18 01:50:00;66.83;21.96;-1.33;0.874
C1;2018-04-18 02:00:00;68.04;22.18;-1.329;0.854
C1;2018-04-18 02:10:00;66.49;22.36;-1.649;0.905
C1;2018-04-18 02:20:00;63.81;22.24;-1.436;0.97
C1;2018-04-18 02:30:00;62.12;22.08;-1.648;1.006
C1;2018-04-18 02:40:00;64.81;22.06;-1.861;0.934
C1;2018-04-18 02:50:00;63.05;22.31;-1.223;0.995
C1;2018-04-18 03:00:00;62.75;22.4;-0.69;1.009
C1;2018-04-18 03:10:00;61.8;22.27;-1.649;1.026
C1;2018-04-18 03:20:00;62.3;22.28;-1.435;1.013
C1;2018-04-18 03:30:00;60.66;22.18;-1.009;1.051
C1;2018-04-18 03:40:00;61.6;22.25;-1.542;1.031
C1;2018-04-18 03:50:00;61.31;22.18;-1.01;1.034
C1;2018-04-18 04:00:00;61.1;22.21;-1.436;1.041
C1;2018-04-18 04:10:00;60.87;22.15;-1.436;1.043
C1;2018-04-18 04:20:00;60.96;22.13;-1.01;1.04
C1;2018-04-18 04:30:00;61.03;22.16;-1.329;1.04
C1;2018-04-18 04:40:00;61.71;22.07;-1.223;1.016
C1;2018-04-18 04:50:00;62.79;21.9;-1.861;0.977
C1;2018-04-18 05:00:00;62.73;22.17;-2.181;0.995
C1;2018-04-18 05:10:00;62.48;22.2;-1.648;1.005
C1;2018-04-18 05:20:00;62.45;22.2;-1.116;1.005
C1;2018-04-18 05:30:00;62.62;22.14;-1.435;0.996
C1;2018-04-18 05:40:00;61.51;22.13;-1.755;1.025
C1;2018-04-18 05:50:00;55.87;22.46;-1.755;1.199
C1;2018-04-18 06:00:00;56.19;22.54;-1.329;1.196
C1;2018-04-18 06:10:00;52.94;22.47;-0.797;1.28
C1;2018-04-18 06:20:00;47.42;22.56;-1.116;1.437
C1;2018-04-18 06:30:00;48.82;22.67;-2.075;1.409
C1;2018-04-18 06:40:00;50.27;22.84;-1.01;1.384
C1;2018-04-18 06:50:00;64.8;22.34;-1.329;0.951
C1;2018-04-18 07:00:00;71.2;21.89;-1.649;0.757
C1;2018-04-18 07:10:00;68.43;22.1;-1.861;0.839
C1;2018-04-18 07:20:00;67.9;22.27;-1.329;0.862
C1;2018-04-18 07:30:00;66.16;22.11;-1.541;0.9
C1;2018-04-18 07:40:00;67.88;22.01;-2.074;0.849
C1;2018-04-18 07:50:00;67.22;22.03;-1.754;0.868
C1;2018-04-18 08:00:00;66.3;22.2;-0.69;0.901
C1;2018-04-18 08:10:00;67.88;22.18;45.53;0.858
C1;2018-04-18 08:20:00;66.6;22.29;54.47;0.898
C1;2018-04-18 08:30:00;68.23;22.12;52.13;0.846
C1;2018-04-18 08:40:00;67.19;22.3;51.17;0.883
C1;2018-04-18 08:50:00;68.92;21.9;50.74;0.817
C1;2018-04-18 09:00:00;65.68;22.1;52.34;0.912
C1;2018-04-18 09:10:00;66.27;22.21;53.08;0.903
C1;2018-04-18 09:20:00;69.38;22.21;53.19;0.82
C1;2018-04-18 09:30:00;66.25;22.26;52.65;0.906
C1;2018-04-18 09:40:00;66.71;22.23;50.63;0.892
C1;2018-04-18 09:50:00;67.68;21.86;51.8;0.848
C1;2018-04-18 10:00:00;67.38;22.14;50.74;0.87
C1;2018-04-18 10:10:00;68.07;22.25;49.99;0.857
C1;2018-04-18 10:20:00;68.15;21.85;51.48;0.834
C1;2018-04-18 10:30:00;67.83;22.14;50.95;0.857
C1;2018-04-18 10:40:00;64.55;22.19;51.27;0.948
C1;2018-04-18 10:50:00;65.56;22.03;48.93;0.912
C1;2018-04-18 11:00:00;65.55;22.22;52.12;0.923
C1;2018-04-18 11:10:00;66.08;22.2;52.12;0.907
C1;2018-04-18 11:20:00;67.13;22.1;52.23;0.874
C1;2018-04-18 11:30:00;66.45;22.16;52.87;0.895
C1;2018-04-18 11:40:00;67.3;22.29;51.59;0.879
C1;2018-04-18 11:50:00;53.93;21.79;40.84;1.201
C1;2018-04-18 12:00:00;46.12;21.56;-53.18;1.386
C1;2018-04-18 12:10:00;44.24;21.79;-53.39;1.455
C1;2018-04-18 12:20:00;43.44;21.8;-55.09;1.476
C1;2018-04-18 12:30:00;43.67;21.83;-59.13;1.474
C1;2018-04-18 12:40:00;43.85;21.79;-60.2;1.465
C1;2018-04-18 12:50:00;43.49;21.87;-69.78;1.482
C1;2018-04-18 13:00:00;42.66;22.24;-62.44;1.538
C1;2018-04-18 13:10:00;42.4;22.24;-102.1;1.545
C1;2018-04-18 13:20:00;41.34;22.3;-111.4;1.579
C1;2018-04-18 13:30:00;39.79;22.25;-116.2;1.616
C1;2018-04-18 13:40:00;38.69;22.48;5.062;1.669
C1;2018-04-18 13:50:00;48.22;22.08;35.3;1.376
C1;2018-04-18 14:00:00;41.16;22.34;26.04;1.588
C1;2018-04-18 14:10:00;46.86;22.2;26.14;1.422
C1;2018-04-18 14:20:00;41.41;22.38;38.49;1.584
C1;2018-04-18 14:30:00;45.24;22.27;109.3;1.472
C1;2018-04-18 14:40:00;39.52;22.52;193.3;1.65
C1;2018-04-18 14:50:00;44.6;22.56;188.3;1.516
C1;2018-04-18 15:00:00;38.56;23.08;200.7;1.734
C1;2018-04-18 15:10:00;42.16;22.37;205.3;1.565
C1;2018-04-18 15:20:00;41.56;22.51;206.2;1.594
C1;2018-04-18 15:30:00;36.72;22.69;209.9;1.744
C1;2018-04-18 15:40:00;36.04;22.6;209.3;1.753
C1;2018-04-18 15:50:00;36.3;22.51;209.8;1.737
C1;2018-04-18 16:00:00;36.33;22.51;210.8;1.735
C1;2018-04-18 16:10:00;36.21;22.47;211;1.735
C1;2018-04-18 16:20:00;37.83;22.45;210.2;1.689
C1;2018-04-18 16:30:00;59.64;21.95;210.9;1.067
C1;2018-04-18 16:40:00;65.77;22.32;212.2;0.923
C1;2018-04-18 16:50:00;66.18;22.22;212.1;0.906
C1;2018-04-18 17:00:00;66.41;22.28;214.1;0.903
C1;2018-04-18 17:10:00;65.92;22.29;211.5;0.917
C1;2018-04-18 17:20:00;66.34;22.37;211.8;0.909
C1;2018-04-18 17:30:00;65.88;22.32;210.8;0.919
C1;2018-04-18 17:40:00;64.98;22.36;210.9;0.946
C1;2018-04-18 17:50:00;64.63;22.33;214.4;0.954
C1;2018-04-18 18:00:00;66.96;22.38;214.9;0.894
C1;2018-04-18 18:10:00;64.94;22.28;212;0.942
C1;2018-04-18 18:20:00;66.82;22.26;214.4;0.891
C1;2018-04-18 18:30:00;65.14;22.26;213.6;0.936
C1;2018-04-18 18:40:00;66.28;22.43;213;0.915
C1;2018-04-18 18:50:00;65.71;22.33;214.4;0.925
C1;2018-04-18 19:00:00;65.83;22.41;212.5;0.926
C1;2018-04-18 19:10:00;66;22.28;213;0.914
C1;2018-04-18 19:20:00;65.91;22.34;213.8;0.92
C1;2018-04-18 19:30:00;66.76;22.36;212.7;0.898
C1;2018-04-18 19:40:00;65.99;22.34;213.1;0.917
C1;2018-04-18 19:50:00;67.36;22.22;214.3;0.874
C1;2018-04-18 20:00:00;66.08;22.39;210.7;0.918
C1;2018-04-18 20:10:00;68.37;22.29;-1.965;0.851
C1;2018-04-18 20:20:00;66.83;22.34;-1.753;0.896
C1;2018-04-18 20:30:00;66.45;22.14;-1.54;0.895
C1;2018-04-18 20:40:00;68.27;21.96;-2.073;0.837
C1;2018-04-18 20:50:00;67.97;21.95;-2.499;0.844
C1;2018-04-18 21:00:00;68.75;22.08;-2.073;0.829
C1;2018-04-18 21:10:00;67.3;22.04;-1.328;0.866
C1;2018-04-18 21:20:00;67.72;21.98;-1.435;0.852
C1;2018-04-18 21:30:00;68.18;21.94;-1.968;0.838
C1;2018-04-18 21:40:00;67.77;22.02;-1.968;0.853
C1;2018-04-18 21:50:00;67.28;22.01;-2.181;0.865
C1;2018-04-18 22:00:00;68.79;21.86;-2.288;0.819
C1;2018-04-18 22:10:00;68.84;22.02;-1.756;0.824
C1;2018-04-18 22:20:00;68.75;22;-1.649;0.826
C1;2018-04-18 22:30:00;68.27;21.99;-1.862;0.838
C1;2018-04-18 22:40:00;68.55;22.07;-2.182;0.834
C1;2018-04-18 22:50:00;67.37;22.15;-0.691;0.87
C1;2018-04-18 23:00:00;67.75;22.11;-1.649;0.858
C1;2018-04-18 23:10:00;68.19;21.99;-1.223;0.84
C1;2018-04-18 23:20:00;68.63;21.89;-2.182;0.823
C1;2018-04-18 23:30:00;67.61;21.96;-1.756;0.854
C1;2018-04-18 23:40:00;68.34;22.08;-1.33;0.841
C1;2018-04-18 23:50:00;68.83;22.1;-1.543;0.829
C1;2018-04-19 00:00:00;67.33;22.07;-1.117;0.867
